1,600,2463.1,-5.5639
1,660,2137.3,-5.2738
1,720,1833.9,-4.7981
1,780,1567.6,-4.0164
1,840,1361.3,-2.7696
1,900,1246.2,-0.98715
1,960,1248.2,1.0539
1,1020,1367,2.8226
1,1080,1576,4.0546
1,1140,1844.3,4.8265
1,1200,2149.1,5.2972
1,1260,2476.3,5.5852
3,3060,2605.4,-1.9246
3,3120,2516.6,-1.0203
3,3180,2484.4,-0.045132
3,3240,2511.2,0.93319
3,3300,2595.1,1.846
2,5340,2535.1,-5.4235
2,5400,2218.5,-5.1059
2,5460,1926.1,-4.6046
2,5520,1671.7,-3.8174
2,5580,1476.1,-2.6242
2,5640,1365.7,-0.9914
2,5700,1361.7,0.85875
2,5760,1464.8,2.5177
2,5820,1654.9,3.7424
2,5880,1905.6,4.5537
2,5940,2195.5,5.0704
2,6000,2510.2,5.3973
1,7020,2695,-5.6068
1,7080,2365.1,-5.3697
1,7140,2053.5,-4.989
1,7200,1771,-4.3778
1,7260,1535.3,-3.4088
1,7320,1371.6,-1.9641
1,7380,1308,-0.10971
1,7440,1359,1.7729
1,7500,1512.9,3.2758
1,7560,1742.3,4.2975
1,7620,2021.1,4.9456
1,7680,2330.9,5.3504
1,7740,2660.1,5.6037
3,9540,2526.8,-1.6095
3,9600,2458.4,-0.65634
3,9660,2449,0.34483
3,9720,2499.2,1.3198
3,9780,2605.5,2.2031
2,11820,2438.8,-5.3099
2,11880,2130.5,-4.9394
2,11940,1850.3,-4.3572
2,12000,1614,-3.4533
2,12060,1444.5,-2.1231
2,12120,1367.3,-0.40199
2,12180,1398.1,1.4087
2,12240,1530.3,2.9289
2,12300,1740.6,4.0102
2,12360,2004,4.7181
2,12420,2301.7,5.1697
2,12480,2621.1,5.457
1,13500,2598.3,-5.4293
1,13560,2281.3,-5.1159
1,13620,1988,-4.6242
1,13680,1731.8,-3.8581
1,13740,1532.8,-2.7046
1,13800,1416,-1.1253
1,13860,1402.6,0.68883
1,13920,1495.6,2.3564
1,13980,1677.1,3.6205
1,14040,1921.8,4.4754
1,14100,2208.1,5.0277
1,14160,2521.2,5.381
3,15960,2519.6,-2.1919
3,16020,2415.1,-1.2724
3,16080,2368.8,-0.25922
3,16140,2384.4,0.77396
3,16200,2460.5,1.7464
3,16260,2591.5,2.5978
2,18240,2643.1,-5.5208
2,18300,2319.1,-5.2573
2,18360,2015.3,-4.8387
2,18420,1743.4,-4.1739
2,18480,1521.8,-3.1388
2,18540,1376.1,-1.6422
2,18600,1331.9,0.19953
2,18660,1399.1,1.9953
2,18720,1563.2,3.3964
2,18780,1797.5,4.3451
2,18840,2077.8,4.9508
2,18900,2387.1,5.3326
2,18960,2714.9,5.5735
1,19980,2504.6,-5.224
1,20040,2202.3,-4.8233
1,20100,1930,-4.2084
1,20160,1703.5,-3.2833
1,20220,1543.9,-1.9709
1,20280,1473.8,-0.32611
1,20340,1506.1,1.3842
1,20400,1634.7,2.8411
1,20460,1839.1,3.909
1,20520,2096.8,4.6311
1,20580,2389.9,5.1046
3,22380,2512.7,-2.7535
3,22440,2372.7,-1.8863
3,22500,2289.2,-0.88191
3,22560,2268.4,0.19533
3,22620,2312.2,1.2549
3,22680,2417,2.213
3,22740,2574.7,3.0199
2,24720,2494.3,-5.5418
2,24780,2169.8,-5.2523
2,24840,1867.6,-4.7815
2,24900,1601.8,-4.0152
2,24960,1394.7,-2.8036
2,25020,1276,-1.0765
2,25080,1271.1,0.91998
2,25140,1381.5,2.6857
2,25200,1583,3.9424
2,25260,1845.4,4.7425
2,25320,2146,5.2357
2,25380,2470,5.5399
1,26460,2401.5,-5.0152
1,26520,2114.4,-4.5208
1,26580,1864,-3.7765
1,26640,1668,-2.6948
1,26700,1548,-1.2492
1,26760,1522.6,0.41691
1,26820,1596.4,2.0056
1,26880,1756.8,3.2778
1,26940,1982.4,4.1846
1,27000,2253,4.7955
1,27060,2553.7,5.1988
3,28800,2526.5,-3.2685
3,28860,2353.2,-2.4754
3,28920,2232.9,-1.5114
3,28980,2174.4,-0.42052
3,29040,2183.2,0.70877
3,29100,2258.2,1.7723
3,29160,2392.9,2.6921
3,29220,2577.7,3.4366
2,31140,2661.6,-5.775
2,31200,2320.4,-5.5833
2,31260,1994.2,-5.2622
2,31320,1693.3,-4.7215
2,31380,1435,-3.8093
2,31440,1247.4,-2.3385
2,31500,1166,-0.30515
2,31560,1212.8,1.8214
2,31620,1374.6,3.4689
2,31680,1617,4.5231
2,31740,1908.9,5.153
2,31800,2230.3,5.5275
2,31860,2569.2,5.7524
1,32880,2579.2,-5.2149
1,32940,2277.2,-4.8229
1,33000,2004.5,-4.229
1,33060,1775.5,-3.3464
1,33120,1610.2,-2.1026
1,33180,1529.8,-0.53459
1,33240,1548,1.1321
1,33300,1661.5,2.598
1,33360,1852.5,3.7061
1,33420,2099.4,4.4728
1,33480,2384.2,4.9837
3,35220,2577.6,-3.7067
3,35280,2375.3,-3.0047
3,35340,2220.8,-2.1151
3,35400,2125,-1.0555
3,35460,2096.1,0.10395
3,35520,2137.2,1.2524
3,35580,2244.1,2.284
3,35640,2407.7,3.1382
3,35700,2616.9,3.8059
2,37620,2473.6,-5.8243
2,37680,2130,-5.6105
2,37740,1803.5,-5.2403
2,37800,1506.7,-4.5904
2,37860,1262.4,-3.451
2,37920,1106.9,-1.6073
2,37980,1080.2,0.74629
2,38040,1191.1,2.8468
2,38100,1407.2,4.2395
2,38160,1688.1,5.0485
2,38220,2006.1,5.509
2,38280,2345.4,5.7752
1,39360,2420.2,-5.1154
1,39420,2126.2,-4.6524
1,39480,1866.7,-3.9479
1,39540,1659.2,-2.9067
1,39600,1525.7,-1.4812
1,39660,1486.9,0.20834
1,39720,1549.9,1.8565
1,39780,1703.2,3.1904
1,39840,1925,4.1407
1,39900,2193.8,4.7764
1,39960,2493.8,5.1926
3,41640,2674.9,-4.0472
3,41700,2449.4,-3.441
3,41760,2265.7,-2.6496
3,41820,2135.3,-1.6666
3,41880,2068.7,-0.53305
3,41940,2072.4,0.65448
3,42000,2145.9,1.7757
3,42060,2282.3,2.7391
3,42120,2470.7,3.5095
3,42180,2699.8,4.0972
2,44040,2633.2,-5.9811
2,44100,2278.2,-5.838
2,44160,1934.9,-5.5836
2,44220,1612.1,-5.1284
2,44280,1326.9,-4.2972
2,44340,1109.7,-2.8065
2,44400,1006.8,-0.51123
2,44460,1052.6,1.9839
2,44520,1230.7,3.8074
2,44580,1494,4.865
2,44640,1805,5.4444
2,44700,2142.2,5.7664
2,44760,2494.2,5.9488
1,45780,2552.8,-5.3825
1,45840,2239.5,-5.0339
1,45900,1952.6,-4.4911
1,45960,1706.5,-3.6544
1,46020,1522.1,-2.4197
1,46080,1424.3,-0.78537
1,46140,1431.2,1.0117
1,46200,1541.4,2.6002
1,46260,1734.8,3.7769
1,46320,1986.8,4.5663
1,46380,2277.2,5.0762
1,46440,2592.3,5.4027
3,48120,2575.9,-3.7703
3,48180,2369.4,-3.0832
3,48240,2209.8,-2.2057
3,48300,2108.3,-1.1508
3,48360,2073.9,0.014491
3,48420,2110,1.1784
3,48480,2213,2.23
3,48540,2374,3.1034
3,48600,2581.6,3.7866
2,50520,2439.1,-5.9683
2,50580,2085.9,-5.7863
2,50640,1747.6,-5.4584
2,50700,1436.3,-4.8559
2,50760,1175.2,-3.7311
2,50820,1005.6,-1.7693
2,50880,976.95,0.85298
2,50940,1100.5,3.1291
2,51000,1334.3,4.5285
2,51060,1631.1,5.2853
2,51120,1961.7,5.6939
2,51180,2310.8,5.9202
1,52260,2359.1,-5.3508
1,52320,2049.2,-4.9494
1,52380,1769.9,-4.3098
1,52440,1539.2,-3.3066
1,52500,1382.6,-1.834
1,52560,1327,0.018667
1,52620,1384.7,1.8655
1,52680,1542.9,3.3256
1,52740,1774.3,4.3168
1,52800,2053.7,4.947
1,52860,2363.2,5.3415
1,52920,2691.7,5.5883
3,54540,2747.5,-4.0032
3,54600,2524.2,-3.4123
3,54660,2341.5,-2.6472
3,54720,2210.2,-1.702
3,54780,2140.2,-0.61271
3,54840,2137.9,0.53534
3,54900,2203.4,1.6327
3,54960,2331,2.591
3,55020,2510.7,3.3705
3,55080,2731.9,3.9745
2,56940,2612.4,-6.0256
2,57000,2254.6,-5.8861
2,57060,1908.2,-5.6357
2,57120,1582.3,-5.1824
2,57180,1293.9,-4.3415
2,57240,1075.2,-2.8048
2,57300,975.12,-0.41413
2,57360,1029.2,2.1466
2,57420,1216.9,3.9562
2,57480,1487.9,4.9747
2,57540,1804.5,5.5215
2,57600,2145.6,5.821
2,57660,2500.4,5.9879
1,58680,2497.6,-5.5866
1,58740,2170.3,-5.2991
1,58800,1865.3,-4.831
1,58860,1596.5,-4.067
1,58920,1386.3,-2.8525
1,58980,1265,-1.1102
1,59040,1258.9,0.91232
1,59100,1369.5,2.6985
1,59160,1572,3.9621
1,59220,1835.6,4.7605
1,59280,2137.1,5.2488
1,59340,2461.7,5.5475
3,61020,2716.1,-3.6592
3,61080,2515.5,-2.9985
3,61140,2359.6,-2.1699
3,61200,2258.2,-1.1861
3,61260,2219.3,-0.10205
3,61320,2246.2,0.99186
3,61380,2336.6,2.0013
3,61440,2483.4,2.8632
3,61500,2676.8,3.5572
2,63420,2440.7,-5.9137
2,63480,2091.4,-5.7094
2,63540,1758.6,-5.3493
2,63600,1455.1,-4.7022
2,63660,1204.7,-3.5318
2,63720,1047.3,-1.5791
2,63780,1027,0.92687
2,63840,1151.1,3.0865
2,63900,1380.9,4.4466
2,63960,1672.6,5.2042
2,64020,1998.7,5.6227
2,64080,2343.8,5.8584
1,65100,2661.6,-5.7411
1,65160,2322.7,-5.5374
1,65220,1999.7,-5.2014
1,65280,1702.9,-4.6432
1,65340,1449.8,-3.7159
1,65400,1267.9,-2.2489
1,65460,1190.8,-0.25796
1,65520,1238.5,1.806
1,65580,1398,3.4132
1,65640,1636.6,4.4541
1,65700,1924.3,5.0832
1,65760,2241.5,5.4604
1,65820,2576.6,5.6881
3,67500,2712.3,-3.2887
3,67560,2535.8,-2.5687
3,67620,2407.1,-1.6966
3,67680,2334.7,-0.7018
3,67740,2324,0.35038
3,67800,2376.1,1.3745
3,67860,2486.9,2.2953
3,67920,2648.6,3.0705
2,69840,2645.1,-5.8941
2,69900,2296.2,-5.719
2,69960,1961.2,-5.42
2,70020,1650.1,-4.9044
2,70080,1380.3,-4.0059
2,70140,1181.7,-2.4955
2,70200,1094.5,-0.32909
2,70260,1144.5,1.9465
2,70320,1316.1,3.6518
2,70380,1569.3,4.6938
2,70440,1870.5,5.2918
2,70500,2199.3,5.6359
2,70560,2543.9,5.8361
1,71580,2505.1,-5.6821
1,71640,2170.9,-5.4381
1,71700,1855.7,-5.0319
1,71760,1572.5,-4.3495
1,71820,1342.8,-3.2167
1,71880,1198.6,-1.4895
1,71940,1172.5,0.64312
1,72000,1271.8,2.5871
1,72060,1471.1,3.953
1,72120,1735.6,4.7937
1,72180,2039.5,5.2937
1,72240,2366.9,5.5926
1,72300,2708.3,5.7722
3,74040,2563.3,-2.1592
3,74100,2460.2,-1.2593
3,74160,2414.1,-0.26891
3,74220,2428.3,0.74266
3,74280,2502.1,1.6991
3,74340,2630,2.5423
2,76320,2520.1,-5.7004
2,76380,2185,-5.4479
2,76440,1869.6,-5.0295
2,76500,1587,-4.3305
2,76560,1359,-3.1794
2,76620,1217.4,-1.4426
2,76680,1194,0.68002
2,76740,1294.9,2.6064
2,76800,1495,3.9629
2,76860,1760,4.8019
2,76920,2064.5,5.3029
2,76980,2392.4,5.6029
1,78000,2712.1,-5.7582
1,78060,2371.6,-5.5746
1,78120,2045.5,-5.2706
1,78180,1743.2,-4.7643
1,78240,1480.5,-3.9181
1,78300,1283.4,-2.5536
1,78360,1185.7,-0.62627
1,78420,1212,1.481
1,78480,1355.1,3.1929
1,78540,1583.3,4.323
1,78600,1865,5.0081
1,78660,2178.8,5.4179
1,78720,2511.9,5.6651
3,80520,2574.5,-1.7858
3,80580,2494.6,-0.86334
3,80640,2472.2,0.1208
3,80700,2508.9,1.0965
3,80760,2602.2,1.9962
2,82800,2421.6,-5.4754
2,82860,2102.4,-5.1377
2,82920,1809.2,-4.5928
2,82980,1557.8,-3.7172
2,83040,1372.6,-2.3713
2,83100,1283,-0.55327
2,83160,1309.1,1.4021
2,83220,1444.4,3.0272
2,83280,1662.1,4.1472
2,83340,1933.8,4.8548
2,83400,2239.2,5.2919
2,83460,2565.5,5.5622
1,84480,2593.6,-5.6435
1,84540,2261.6,-5.4056
1,84600,1948,-5.0161
1,84660,1664.6,-4.3754
1,84720,1430.9,-3.3338
1,84780,1275.4,-1.7565
1,84840,1228.9,0.24286
1,84900,1303.2,2.1772
1,84960,1480.1,3.6266
1,85020,1728,4.5611
1,85080,2020.2,5.1331
1,85140,2339.5,5.4818
1,85200,2675.4,5.6956
3,87000,2551.3,-1.4397
3,87060,2493.1,-0.48995
3,87120,2493.2,0.49527
3,87180,2551.7,1.4449
2,89220,2660.7,-5.5283
2,89280,2336.3,-5.2632
2,89340,2032.1,-4.8442
2,89400,1759.8,-4.1823
2,89460,1537.5,-3.1563
2,89520,1390.3,-1.6766
2,89580,1343.4,0.14699
2,89640,1407.2,1.9357
2,89700,1567.8,3.342
2,89760,1799.1,4.3002
2,89820,2077,4.9142
2,89880,2384.3,5.3018
2,89940,2710.3,5.5464
1,90960,2494,-5.4774
1,91020,2174,-5.1651
1,91080,1877.9,-4.6636
1,91140,1620.3,-3.8607
1,91200,1423.4,-2.621
1,91260,1315.5,-0.9058
1,91320,1319.2,1.0258
1,91380,1433.7,2.7171
1,91440,1635.5,3.9291
1,91500,1896.5,4.7121
1,91560,2195.1,5.202
1,91620,2517.1,5.5079
3,93420,2580.5,-2.0039
3,93480,2487,-1.0939
3,93540,2450.8,-0.10643
3,93600,2474.4,0.8888
3,93660,2556.1,1.8196
2,95700,2561.5,-5.4151
2,95760,2245.2,-5.1024
2,95820,1952.7,-4.6111
2,95880,1697.4,-3.8427
2,95940,1499.5,-2.6808
2,96000,1384.5,-1.0865
2,96060,1373.9,0.73933
2,96120,1469.9,2.4029
2,96180,1653.7,3.6501
2,96240,1899.6,4.4851
2,96300,2186,5.0207
2,96360,2498.2,5.3612
1,97440,2408.6,-5.2625
1,97500,2104.1,-4.8581
1,97560,1830.2,-4.2245
1,97620,1604,-3.2504
1,97680,1448.9,-1.8466
1,97740,1389.6,-0.091011
1,97800,1438.4,1.6859
1,97860,1585.2,3.1353
1,97920,1805.9,4.1532
1,97980,2076.5,4.8189
1,98040,2379.4,5.2453
3,99840,2589.9,-2.554
3,99900,2461.8,-1.6926
3,99960,2389.1,-0.71389
3,1.0002e+05,2377.2,0.31982
3,1.0008e+05,2427,1.3277
3,1.0014e+05,2534.6,2.2378
2,1.0218e+05,2444,-5.3612
2,1.0224e+05,2132.1,-5.008
2,1.023e+05,1847.1,-4.4482
2,1.0236e+05,1604.7,-3.5692
2,1.0242e+05,1427.6,-2.2548
2,1.0248e+05,1342.7,-0.52077
2,1.0254e+05,1367.6,1.3333
2,1.026e+05,1496.7,2.9
2,1.0266e+05,1706.3,4.0109
2,1.0272e+05,1970.3,4.733
2,1.0278e+05,2269,5.19
2,1.0284e+05,2589.7,5.4787
1,1.0386e+05,2639.6,-5.3464
1,1.0392e+05,2328,-5.0162
1,1.0398e+05,2041.1,-4.5078
1,1.0404e+05,1792.3,-3.7332
1,1.041e+05,1600.4,-2.5972
1,1.0416e+05,1488.4,-1.0789
1,1.0422e+05,1475.2,0.64544
1,1.0428e+05,1563.3,2.2444
1,1.0434e+05,1737.2,3.4854
1,1.044e+05,1973.9,4.3476
1,1.0446e+05,2253.1,4.918
1,1.0452e+05,2560.1,5.29
3,1.0626e+05,2595.9,-3.0768
3,1.0632e+05,2434.5,-2.278
3,1.0638e+05,2325.6,-1.3273
3,1.0644e+05,2277.3,-0.27172
3,1.065e+05,2293.5,0.80644
3,1.0656e+05,2372.7,1.8164
3,1.0662e+05,2508.7,2.6921
3,1.0668e+05,2692.5,3.4068
2,1.086e+05,2629.7,-5.6019
2,1.0866e+05,2300.3,-5.3591
2,1.0872e+05,1989.6,-4.9665
2,1.0878e+05,1709.1,-4.33
2,1.0884e+05,1477.6,-3.312
2,1.089e+05,1321.9,-1.7923
2,1.0896e+05,1270.8,0.12967
2,1.0902e+05,1336.8,2.0196
2,1.0908e+05,1504.2,3.4749
2,1.0914e+05,1743.8,4.4377
2,1.092e+05,2029.5,5.0384
2,1.0926e+05,2343.8,5.4098
2,1.0932e+05,2675.9,5.6403
1,1.1034e+05,2536.9,-5.1725
1,1.104e+05,2237.9,-4.7638
1,1.1046e+05,1969.4,-4.1443
1,1.1052e+05,1746.6,-3.2251
1,1.1058e+05,1589.8,-1.9394
1,1.1064e+05,1520.3,-0.34317
1,1.107e+05,1550,1.318
1,1.1076e+05,1673.7,2.7494
1,1.1082e+05,1872.5,3.8161
1,1.1088e+05,2124.9,4.5489
1,1.1094e+05,2413.4,5.0358
3,1.1268e+05,2618.5,-3.549
3,1.1274e+05,2426.3,-2.8286
3,1.128e+05,2282.6,-1.9327
3,1.1286e+05,2197.4,-0.88592
3,1.1292e+05,2177.9,0.24008
3,1.1298e+05,2225.8,1.3429
3,1.1304e+05,2336.6,2.3294
3,1.131e+05,2501.9,3.1483
3,1.1316e+05,2710.9,3.7928
2,1.1508e+05,2463.2,-5.6467
2,1.1514e+05,2131.7,-5.3823
2,1.152e+05,1820.8,-4.9413
2,1.1526e+05,1544.7,-4.2007
2,1.1532e+05,1326.3,-2.9829
2,1.1538e+05,1198.8,-1.175
2,1.1544e+05,1192.2,0.96132
2,1.155e+05,1308.5,2.8269
2,1.1556e+05,1519.4,4.1077
2,1.1562e+05,1791.4,4.8925
2,1.1568e+05,2100.2,5.3615
2,1.1574e+05,2431.1,5.6435
1,1.1682e+05,2412.4,-5.0161
1,1.1688e+05,2125.1,-4.5241
1,1.1694e+05,1874.4,-3.7846
1,1.17e+05,1677.7,-2.7109
1,1.1706e+05,1556.5,-1.276
1,1.1712e+05,1529.2,0.38157
1,1.1718e+05,1600.8,1.9686
1,1.1724e+05,1759.1,3.2453
1,1.173e+05,1982.9,4.1588
1,1.1736e+05,2252.2,4.7757
1,1.1742e+05,2551.8,5.1837
3,1.191e+05,2674.7,-3.9447
3,1.1916e+05,2456,-3.3137
3,1.1922e+05,2280.7,-2.4993
3,1.1928e+05,2159.8,-1.502
3,1.1934e+05,2103.2,-0.37026
3,1.194e+05,2116.1,0.79755
3,1.1946e+05,2197.3,1.8873
3,1.1952e+05,2339.4,2.8173
3,1.1958e+05,2531.6,3.5593
2,1.215e+05,2626.8,-5.8607
2,1.2156e+05,2279.9,-5.6881
2,1.2162e+05,1946.7,-5.3912
2,1.2168e+05,1637.3,-4.8767
2,1.2174e+05,1369.2,-3.9762
2,1.218e+05,1172.5,-2.4589
2,1.2186e+05,1087.7,-0.28506
2,1.2192e+05,1140.4,1.9873
2,1.2198e+05,1314.1,3.681
2,1.2204e+05,1568.7,4.7132
2,1.221e+05,1870.9,5.3059
2,1.2216e+05,2200.5,5.6481
2,1.2222e+05,2545.9,5.8484
1,1.2324e+05,2564.7,-5.2647
1,1.233e+05,2259.5,-4.8824
1,1.2336e+05,1982.8,-4.2982
1,1.2342e+05,1749.6,-3.4205
1,1.2348e+05,1579.9,-2.1682
1,1.2354e+05,1496.4,-0.57153
1,1.236e+05,1513.6,1.1348
1,1.2366e+05,1628.3,2.631
1,1.2372e+05,1821.7,3.752
1,1.2378e+05,2071.4,4.5195
1,1.2384e+05,2358.8,5.0258
3,1.2558e+05,2534.9,-3.7061
3,1.2564e+05,2333.1,-2.9896
3,1.257e+05,2180.1,-2.0792
3,1.2576e+05,2087.1,-0.99496
3,1.2582e+05,2062.7,0.18694
3,1.2588e+05,2109.2,1.3491
3,1.2594e+05,2222,2.383
3,1.26e+05,2391.4,3.2307
3,1.2606e+05,2605.8,3.8874
2,1.2798e+05,2437.3,-5.8913
2,1.2804e+05,2089.2,-5.6915
2,1.281e+05,1757.3,-5.3376
2,1.2816e+05,1454.3,-4.6997
2,1.2822e+05,1203.6,-3.5427
2,1.2828e+05,1045.1,-1.6047
2,1.2834e+05,1023,0.89722
2,1.284e+05,1145.6,3.0652
2,1.2846e+05,1374.4,4.4346
2,1.2852e+05,1665.7,5.1986
2,1.2858e+05,1991.5,5.6215
2,1.2864e+05,2336.6,5.8607
1,1.2972e+05,2381.4,-5.2072
1,1.2978e+05,2081.4,-4.7602
1,1.2984e+05,1815.1,-4.0668
1,1.299e+05,1600.5,-3.0185
1,1.2996e+05,1461.4,-1.5497
1,1.3002e+05,1420.7,0.2168
1,1.3008e+05,1486.4,1.9365
1,1.3014e+05,1645.8,3.3039
1,1.302e+05,1874.5,4.2553
1,1.3026e+05,2149.8,4.8779
1,1.3032e+05,2455.4,5.2778
3,1.32e+05,2664.7,-3.9969
3,1.3206e+05,2442.5,-3.3791
3,1.3212e+05,2262.9,-2.5762
3,1.3218e+05,2137.2,-1.5845
3,1.3224e+05,2075.7,-0.44915
3,1.323e+05,2084.2,0.73158
3,1.3236e+05,2162,1.8393
3,1.3242e+05,2301.7,2.787
3,1.3248e+05,2492.6,3.5432
3,1.3254e+05,2723.3,4.1196
2,1.344e+05,2603.8,-6.0106
2,1.3446e+05,2246.9,-5.871
2,1.3452e+05,1901.4,-5.6197
2,1.3458e+05,1576.6,-5.1641
2,1.3464e+05,1289.5,-4.3178
2,1.347e+05,1072.4,-2.7725
2,1.3476e+05,974.46,-0.37688
2,1.3482e+05,1030.6,2.1748
2,1.3488e+05,1219.5,3.9713
2,1.3494e+05,1491.2,4.982
2,1.35e+05,1808.1,5.5255
2,1.3506e+05,2149.4,5.824
2,1.3512e+05,2504.4,5.9909
1,1.3614e+05,2504.8,-5.4779
1,1.362e+05,2185.3,-5.1483
1,1.3626e+05,1890.9,-4.6234
1,1.3632e+05,1636.6,-3.7921
1,1.3638e+05,1444.6,-2.5266
1,1.3644e+05,1342.7,-0.80672
1,1.365e+05,1351.6,1.0991
1,1.3656e+05,1469.4,2.7545
1,1.3662e+05,1672.6,3.9419
1,1.3668e+05,1934,4.7129
1,1.3674e+05,2232.5,5.1976
1,1.368e+05,2554.1,5.501
3,1.3848e+05,2602.4,-3.6691
3,1.3854e+05,2402.2,-2.9748
3,1.386e+05,2249.1,-2.0983
3,1.3866e+05,2153.8,-1.0568
3,1.3872e+05,2124.3,0.082488
3,1.3878e+05,2163.5,1.214
3,1.3884e+05,2267.7,2.2355
3,1.389e+05,2428.3,3.0871
3,1.3896e+05,2634.5,3.7573
2,1.4088e+05,2418,-5.9608
2,1.4094e+05,2065.5,-5.7709
2,1.41e+05,1728.4,-5.4291
2,1.4106e+05,1419.6,-4.8007
2,1.4112e+05,1163.1,-3.6301
2,1.4118e+05,1001.3,-1.6122
2,1.4124e+05,982.67,1.0173
2,1.413e+05,1114.6,3.2391
2,1.4136e+05,1353.4,4.5875
2,1.4142e+05,1652.7,5.3156
2,1.4148e+05,1984.6,5.7096
2,1.4154e+05,2334.4,5.9279
1,1.4256e+05,2643,-5.6785
1,1.4262e+05,2308.8,-5.4427
1,1.4268e+05,1992.8,-5.0597
1,1.4274e+05,1706.4,-4.4346
1,1.428e+05,1468.3,-3.424
1,1.4286e+05,1306.1,-1.8932
1,1.4292e+05,1250.1,0.070859
1,1.4298e+05,1314.1,2.0146
1,1.4304e+05,1482.5,3.5046
1,1.431e+05,1724.3,4.4795
1,1.4316e+05,2012.5,5.0801
1,1.4322e+05,2329.2,5.4471
1,1.4328e+05,2663.3,5.6719
3,1.4496e+05,2584,-3.2867
3,1.4502e+05,2408.7,-2.5261
3,1.4508e+05,2284.2,-1.6002
3,1.4514e+05,2219.3,-0.54613
3,1.452e+05,2219.6,0.55701
3,1.4526e+05,2285.1,1.6112
3,1.4532e+05,2410.4,2.5374
3,1.4538e+05,2586.3,3.2986
2,1.473e+05,2602.4,-5.9856
2,1.4736e+05,2247.4,-5.8308
2,1.4742e+05,1905,-5.5573
2,1.4748e+05,1584.8,-5.0687
2,1.4754e+05,1304.7,-4.1782
2,1.476e+05,1097.2,-2.5989
2,1.4766e+05,1009.1,-0.24041
2,1.4772e+05,1070.4,2.2109
2,1.4778e+05,1259.3,3.9439
2,1.4784e+05,1528.7,4.9378
2,1.479e+05,1842.9,5.4822
2,1.4796e+05,2181.8,5.7851
2,1.4802e+05,2534.5,5.9561
1,1.4904e+05,2460.1,-5.6408
1,1.491e+05,2129.2,-5.3655
1,1.4916e+05,1819.8,-4.9098
1,1.4922e+05,1546.1,-4.1505
1,1.4928e+05,1331.3,-2.9137
1,1.4934e+05,1208.2,-1.1007
1,1.494e+05,1205.6,1.0137
1,1.4946e+05,1323.9,2.8462
1,1.4952e+05,1535.3,4.1034
1,1.4958e+05,1806.6,4.8758
1,1.4964e+05,2114.2,5.3383
1,1.497e+05,2443.6,5.6165
3,1.5144e+05,2596,-2.8862
3,1.515e+05,2446.4,-2.0759
3,1.5156e+05,2349.7,-1.126
3,1.5162e+05,2313,-0.08741
3,1.5168e+05,2339.4,0.95907
3,1.5174e+05,2426.6,1.93
3,1.518e+05,2568.3,2.768
2,1.5378e+05,2447.5,-5.831
2,1.5384e+05,2103.9,-5.6001
2,1.539e+05,1778.8,-5.2022
2,1.5396e+05,1485.5,-4.5061
2,1.5402e+05,1248.3,-3.2948
2,1.5408e+05,1104.6,-1.3751
2,1.5414e+05,1092.6,0.98712
2,1.542e+05,1216.1,3.0184
2,1.5426e+05,1440.2,4.3386
2,1.5432e+05,1725.6,5.1015
2,1.5438e+05,2045.9,5.5357
2,1.5444e+05,2386.2,5.7862
1,1.5546e+05,2640.2,-5.7569
1,1.5552e+05,2300.3,-5.5567
1,1.5558e+05,1976,-5.2241
1,1.5564e+05,1677.8,-4.667
1,1.557e+05,1423.5,-3.7321
1,1.5576e+05,1241.2,-2.2383
1,1.5582e+05,1166.1,-0.20217
1,1.5588e+05,1218.2,1.8932
1,1.5594e+05,1383.1,3.4992
1,1.56e+05,1626.3,4.523
1,1.5606e+05,1917.6,5.1346
1,1.5612e+05,2237.5,5.4984
1,1.5618e+05,2574.5,5.7166
3,1.5792e+05,2617.3,-2.5027
3,1.5798e+05,2491.8,-1.6569
3,1.5804e+05,2420.7,-0.69867
3,1.581e+05,2409,0.31284
3,1.5816e+05,2457.8,1.301
3,1.5822e+05,2563.3,2.1973
2,1.602e+05,2664.8,-5.8012
2,1.6026e+05,2322.2,-5.6018
2,1.6032e+05,1995.2,-5.2701
2,1.6038e+05,1694.2,-4.7144
2,1.6044e+05,1437,-3.7815
2,1.605e+05,1251.7,-2.2881
2,1.6056e+05,1173.8,-0.2441
2,1.6062e+05,1224,1.8709
2,1.6068e+05,1388.2,3.4984
2,1.6074e+05,1631.8,4.5372
2,1.608e+05,1924.3,5.1573
2,1.6086e+05,2245.7,5.5253
2,1.6092e+05,2584.4,5.7452
1,1.6194e+05,2500.5,-5.6625
1,1.62e+05,2167.6,-5.4126
1,1.6206e+05,1854.3,-4.9977
1,1.6212e+05,1573.4,-4.3034
1,1.6218e+05,1346.9,-3.1576
1,1.6224e+05,1206.5,-1.4263
1,1.623e+05,1183.7,0.6899
1,1.6236e+05,1285.1,2.6078
1,1.6242e+05,1485,3.9559
1,1.6248e+05,1749.4,4.7888
1,1.6254e+05,2052.9,5.2865
1,1.626e+05,2379.9,5.5852
1,1.6266e+05,2720.8,5.7654
3,1.644e+05,2623.9,-2.1535
3,1.6446e+05,2520.4,-1.2772
3,1.6452e+05,2472.4,-0.31356
3,1.6458e+05,2483.3,0.67361
3,1.6464e+05,2552.3,1.6128
2,1.6668e+05,2553.8,-5.6003
2,1.6674e+05,2225.4,-5.3257
2,1.668e+05,1918.1,-4.8814
2,1.6686e+05,1645.1,-4.1604
2,1.6692e+05,1427.3,-3.0158
2,1.6698e+05,1293.7,-1.3545
2,1.6704e+05,1271.5,0.63196
2,1.671e+05,1366.1,2.4555
2,1.6716e+05,1556.1,3.7864
2,1.6722e+05,1811,4.6424
2,1.6728e+05,2106.6,5.1703
2,1.6734e+05,2427.3,5.4948
1,1.6836e+05,2722.9,-5.7106
1,1.6842e+05,2385.7,-5.5147
1,1.6848e+05,2063.6,-5.1942
1,1.6854e+05,1766.5,-4.6675
1,1.686e+05,1510.2,-3.8028
1,1.6866e+05,1320.1,-2.4403
1,1.6872e+05,1228.1,-0.56077
1,1.6878e+05,1256,1.4706
1,1.6884e+05,1396.8,3.1338
1,1.689e+05,1621,4.2528
1,1.6896e+05,1898.6,4.9445
1,1.6902e+05,2208.9,5.3651
1,1.6908e+05,2539.2,5.6221
3,1.7088e+05,2596.7,-1.8319
3,1.7094e+05,2513.7,-0.9204
3,1.71e+05,2487.6,0.055797
3,1.7106e+05,2520.3,1.0283
3,1.7112e+05,2609.5,1.9298
2,1.7316e+05,2458.7,-5.4019
2,1.7322e+05,2144.3,-5.0533
2,1.7328e+05,1856.4,-4.5006
2,1.7334e+05,1610.5,-3.6308
2,1.734e+05,1429.5,-2.3241
2,1.7346e+05,1340.4,-0.58772
2,1.7352e+05,1361.8,1.2833
2,1.7358e+05,1488.6,2.872
2,1.7364e+05,1697,3.9993
2,1.737e+05,1960.5,4.7303
2,1.7376e+05,2259.2,5.1913
2,1.7382e+05,2580.1,5.4812
1,1.7484e+05,2621.1,-5.5647
1,1.749e+05,2294.3,-5.307
1,1.7496e+05,1987.3,-4.8931
1,1.7502e+05,1712.1,-4.228
1,1.7508e+05,1487.7,-3.178
1,1.7514e+05,1340.7,-1.6407
1,1.752e+05,1298.3,0.25977
1,1.7526e+05,1370.5,2.0973
1,1.7532e+05,1541.1,3.5061
1,1.7538e+05,1781.7,4.4427
1,1.7544e+05,2067.3,5.0319
1,1.755e+05,2381.1,5.3992
1,1.7556e+05,2712.5,5.6286
3,1.7736e+05,2527.5,-1.5123
3,1.7742e+05,2465.1,-0.55394
3,1.7748e+05,2461.8,0.44522
3,1.7754e+05,2517.9,1.4114
3,1.776e+05,2629.2,2.2817
2,1.7958e+05,2686,-5.5094
2,1.7964e+05,2362.7,-5.2458
2,1.797e+05,2059.5,-4.8315
2,1.7976e+05,1787.6,-4.181
2,1.7982e+05,1564.8,-3.1786
2,1.7988e+05,1415.1,-1.7371
2,1.7994e+05,1363.4,0.047512
2,1.8e+05,1420.6,1.8207
2,1.8006e+05,1574.6,3.2381
2,1.8012e+05,1800.3,4.2176
2,1.8018e+05,2073.8,4.8515
2,1.8024e+05,2377.8,5.2545
2,1.803e+05,2701.4,5.5105
1,1.8132e+05,2534.7,-5.3787
1,1.8138e+05,2221.3,-5.044
1,1.8144e+05,1933.2,-4.5185
1,1.815e+05,1684.9,-3.7007
1,1.8156e+05,1497.3,-2.4794
1,1.8162e+05,1395.9,-0.84176
1,1.8168e+05,1400,0.97726
1,1.8174e+05,1508.9,2.5904
1,1.818e+05,1702.2,3.7818
1,1.8186e+05,1954.7,4.5769
1,1.8192e+05,2245.8,5.0881
1,1.8198e+05,2561.6,5.4147
3,1.8378e+05,2520,-2.09
3,1.8384e+05,2422,-1.1591
3,1.839e+05,2382.7,-0.14221
3,1.8396e+05,2405.1,0.88563
3,1.8402e+05,2487.6,1.8455
3,1.8408e+05,2624.1,2.6808
2,1.8606e+05,2568.6,-5.452
2,1.8612e+05,2249.8,-5.153
2,1.8618e+05,1953.7,-4.6801
2,1.8624e+05,1693.6,-3.9346
2,1.863e+05,1489.5,-2.794
2,1.8636e+05,1367.5,-1.2035
2,1.8642e+05,1350.5,0.64828
2,1.8648e+05,1442.2,2.3532
2,1.8654e+05,1624.1,3.6332
2,1.866e+05,1869.6,4.4867
2,1.8666e+05,2156.3,5.0308
2,1.8672e+05,2469.3,5.3748
1,1.878e+05,2453.9,-5.1683
1,1.8786e+05,2155.5,-4.7462
1,1.8792e+05,1888.8,-4.0989
1,1.8798e+05,1670.1,-3.1286
1,1.8804e+05,1521.3,-1.7672
1,1.881e+05,1464.4,-0.096064
1,1.8816e+05,1510.2,1.5955
1,1.8822e+05,1650,3.002
1,1.8828e+05,1862.5,4.0173
1,1.8834e+05,2125.4,4.699
1,1.884e+05,2421.6,5.1451
3,1.902e+05,2507.1,-2.6447
3,1.9026e+05,2374.3,-1.7573
3,1.9032e+05,2298.9,-0.74003
3,1.9038e+05,2286.7,0.33866
3,1.9044e+05,2338.9,1.3878
3,1.905e+05,2451,2.3275
3,1.9056e+05,2615.1,3.1137
2,1.9248e+05,2762.4,-5.6529
2,1.9254e+05,2428.9,-5.4479
2,1.926e+05,2111.1,-5.1177
2,1.9266e+05,1818.8,-4.5851
2,1.9272e+05,1567.4,-3.7297
2,1.9278e+05,1380.5,-2.4134
2,1.9284e+05,1287.4,-0.62586
2,1.929e+05,1308.7,1.3173
2,1.9296e+05,1439.1,2.9525
2,1.9302e+05,1652.8,4.0905
2,1.9308e+05,1921.7,4.8141
2,1.9314e+05,2225,5.2635
2,1.932e+05,2549.9,5.543
1,1.9422e+05,2672.4,-5.2956
1,1.9428e+05,2364.1,-4.9564
1,1.9434e+05,2081.1,-4.4405
1,1.944e+05,1836.4,-3.6656
1,1.9446e+05,1648.2,-2.5464
1,1.9452e+05,1538.1,-1.0702
1,1.9458e+05,1523.7,0.59854
1,1.9464e+05,1607.7,2.1575
1,1.947e+05,1775.9,3.3869
1,1.9476e+05,2006.8,4.2563
1,1.9482e+05,2280.9,4.8404
1,1.9488e+05,2583.7,5.226
3,1.9662e+05,2509.2,-3.1563
3,1.9668e+05,2343.6,-2.3336
3,1.9674e+05,2232.5,-1.3443
3,1.968e+05,2184.6,-0.24029
3,1.9686e+05,2204.1,0.88529
3,1.9692e+05,2289.2,1.9304
3,1.9698e+05,2432.7,2.824
3,1.9704e+05,2624.6,3.5417
2,1.9896e+05,2602.3,-5.6962
2,1.9902e+05,2266.6,-5.476
2,1.9908e+05,1948,-5.1115
2,1.9914e+05,1658,-4.5042
2,1.992e+05,1415.4,-3.4983
2,1.9926e+05,1249.5,-1.9346
2,1.9932e+05,1193.2,0.10645
2,1.9938e+05,1261.6,2.1184
2,1.9944e+05,1437,3.6264
2,1.995e+05,1685.8,4.5877
2,1.9956e+05,1979.9,5.1681
2,1.9962e+05,2301.3,5.5177
2,1.9968e+05,2639.3,5.7299
1,2.007e+05,2549.9,-5.169
1,2.0076e+05,2251.2,-4.7608
1,2.0082e+05,1982.8,-4.1437
1,2.0088e+05,1759.9,-3.2304
1,2.0094e+05,1602.5,-1.9553
1,2.01e+05,1531.5,-0.37192
1,2.0106e+05,1559.2,1.2808
1,2.0112e+05,1680.7,2.7119
1,2.0118e+05,1877.4,3.7838
1,2.0124e+05,2128,4.5231
1,2.013e+05,2415.2,5.0159
3,2.0304e+05,2545.2,-3.598
3,2.031e+05,2350.5,-2.8594
3,2.0316e+05,2205.8,-1.9329
3,2.0322e+05,2121.8,-0.84531
3,2.0328e+05,2106,0.32323
3,2.0334e+05,2160,1.4588
3,2.034e+05,2278.4,2.4617
3,2.0346e+05,2451.6,3.2818
3,2.0352e+05,2668.5,3.9175
2,2.0544e+05,2426,-5.7443
2,2.055e+05,2087.9,-5.5027
2,2.0556e+05,1769.1,-5.0886
2,2.0562e+05,1483.3,-4.3702
2,2.0568e+05,1254.9,-3.1386
2,2.0574e+05,1120.5,-1.231
2,2.058e+05,1115.3,1.064
2,2.0586e+05,1241.1,3.0223
2,2.0592e+05,1464.2,4.306
2,2.0598e+05,1747.2,5.0591
2,2.0604e+05,2065,5.4944
2,2.061e+05,2402.9,5.7494
1,2.0718e+05,2397.7,-5.067
1,2.0724e+05,2107.2,-4.5835
1,2.073e+05,1852.6,-3.8504
1,2.0736e+05,1652,-2.7745
1,2.0742e+05,1527.4,-1.3208
1,2.0748e+05,1498.4,0.37104
1,2.0754e+05,1570.4,1.9914
1,2.076e+05,1730.7,3.2865
1,2.0766e+05,1957.2,4.2044
1,2.0772e+05,2229.2,4.8184
1,2.0778e+05,2531.2,5.2211
3,2.0946e+05,2627.1,-3.9483
3,2.0952e+05,2408.6,-3.3036
3,2.0958e+05,2234.4,-2.4689
3,2.0964e+05,2116.2,-1.4455
3,2.097e+05,2063.7,-0.28712
3,2.0976e+05,2082.3,0.9002
3,2.0982e+05,2169.9,1.9972
3,2.0988e+05,2318.5,2.9231
3,2.0994e+05,2516.8,3.6541
3,2.1e+05,2753.4,4.207
2,2.1186e+05,2592.3,-5.9262
2,2.1192e+05,2241,-5.7671
2,2.1198e+05,1902.6,-5.4873
2,2.1204e+05,1586.9,-4.9899
2,2.121e+05,1311.8,-4.0914
2,2.1216e+05,1109.4,-2.5196
2,2.1222e+05,1024.9,-0.20677
2,2.1228e+05,1086.3,2.1857
2,2.1234e+05,1272.8,3.8928
2,2.124e+05,1539,4.8862
2,2.1246e+05,1850.3,5.4377
2,2.1252e+05,2186.8,5.7484
2,2.1258e+05,2537.5,5.9263
1,2.136e+05,2528.1,-5.3472
1,2.1366e+05,2217.5,-4.9794
1,2.1372e+05,1934.6,-4.4077
1,2.1378e+05,1694.7,-3.531
1,2.1384e+05,1519.1,-2.2515
1,2.139e+05,1432.3,-0.59009
1,2.1396e+05,1450.8,1.1937
1,2.1402e+05,1570.6,2.739
1,2.1408e+05,1771,3.8714
1,2.1414e+05,2027.7,4.629
1,2.142e+05,2321.2,5.1191
1,2.1426e+05,2638.5,5.4336
3,2.1594e+05,2521.8,-3.6486
3,2.16e+05,2323.8,-2.9188
3,2.1606e+05,2175.4,-1.9962
3,2.1612e+05,2087.6,-0.90472
3,2.1618e+05,2068.6,0.27584
3,2.1624e+05,2120.2,1.4278
3,2.163e+05,2237.2,2.4463
3,2.1636e+05,2409.9,3.278
3,2.1642e+05,2626.8,3.921
2,2.1834e+05,2406.1,-5.9282
2,2.184e+05,2055.7,-5.7332
2,2.1846e+05,1721.2,-5.3831
2,2.1852e+05,1415.4,-4.7412
2,2.1858e+05,1163.1,-3.5526
2,2.1864e+05,1006.2,-1.5273
2,2.187e+05,992.05,1.0738
2,2.1876e+05,1126.1,3.2549
2,2.1882e+05,1365,4.5817
2,2.1888e+05,1663.8,5.3029
2,2.1894e+05,1994.9,5.6959
2,2.19e+05,2343.9,5.9152
1,2.2008e+05,2328,-5.3118
1,2.2014e+05,2021.2,-4.8822
1,2.202e+05,1747.1,-4.1994
1,2.2026e+05,1524.8,-3.1361
1,2.2032e+05,1380.4,-1.6025
1,2.2038e+05,1339.6,0.27177
1,2.2044e+05,1411.6,2.0808
1,2.205e+05,1580.8,3.4785
1,2.2056e+05,1819.8,4.4181
1,2.2062e+05,2104.2,5.0147
1,2.2068e+05,2417.1,5.3888
3,2.2236e+05,2684.7,-3.8996
3,2.2242e+05,2468.8,-3.2719
3,2.2248e+05,2295.7,-2.4649
3,2.2254e+05,2176.5,-1.4799
3,2.226e+05,2120.8,-0.36441
3,2.2266e+05,2133.5,0.78653
3,2.2272e+05,2213.6,1.8628
3,2.2278e+05,2353.9,2.7848
3,2.2284e+05,2544.1,3.5239
2,2.2476e+05,2581,-6.0113
2,2.2482e+05,2224.2,-5.8665
2,2.2488e+05,1879.3,-5.6062
2,2.2494e+05,1555.6,-5.1329
2,2.25e+05,1271.3,-4.252
2,2.2506e+05,1059.9,-2.6482
2,2.2512e+05,971.13,-0.20315
2,2.2518e+05,1037.4,2.3269
2,2.2524e+05,1233.7,4.0668
2,2.253e+05,1509.8,5.0364
2,2.2536e+05,1829.2,5.5571
2,2.2542e+05,2172,5.843
2,2.2548e+05,2527.9,6.0026
1,2.265e+05,2453,-5.5631
1,2.2656e+05,2127.9,-5.2504
1,2.2662e+05,1826.9,-4.741
1,2.2668e+05,1565.3,-3.9113
1,2.2674e+05,1367,-2.6074
1,2.268e+05,1263,-0.78879
1,2.2686e+05,1276.6,1.2325
1,2.2692e+05,1404.4,2.9448
1,2.2698e+05,1619.2,4.1267
1,2.2704e+05,1890.8,4.8674
1,2.271e+05,2197.5,5.3202
1,2.2716e+05,2525.7,5.5974
3,2.2884e+05,2656.5,-3.5434
3,2.289e+05,2463.9,-2.8485
3,2.2896e+05,2318.1,-1.9843
3,2.2902e+05,2228.8,-0.97126
3,2.2908e+05,2203.3,0.12629
3,2.2914e+05,2243.7,1.2128
3,2.292e+05,2346.7,2.197
3,2.2926e+05,2504.2,3.0245
3,2.2932e+05,2706.3,3.6832
2,2.3124e+05,2406.5,-5.9195
2,2.313e+05,2057,-5.7114
2,2.3136e+05,1724.3,-5.3413
2,2.3142e+05,1421.9,-4.6695
2,2.3148e+05,1175,-3.4438
2,2.3154e+05,1025.3,-1.4033
2,2.316e+05,1017.5,1.1531
2,2.3166e+05,1154.5,3.2755
2,2.3172e+05,1393.7,4.5748
2,2.3178e+05,1691.8,5.2891
2,2.3184e+05,2022,5.6817
2,2.319e+05,2370.2,5.902
1,2.3292e+05,2602.2,-5.7295
1,2.3298e+05,2264.5,-5.5048
1,2.3304e+05,1944.5,-5.1336
1,2.331e+05,1653.4,-4.5156
1,2.3316e+05,1410.7,-3.4926
1,2.3322e+05,1245.7,-1.9047
1,2.3328e+05,1191.9,0.15723
1,2.3334e+05,1263.6,2.1723
1,2.334e+05,1441.9,3.6696
1,2.3346e+05,1692.9,4.618
1,2.3352e+05,1988.5,5.1877
1,2.3358e+05,2310.9,5.5292
1,2.3364e+05,2649.3,5.7349
3,2.3532e+05,2660.9,-3.1684
3,2.3538e+05,2492.5,-2.4202
3,2.3544e+05,2373.5,-1.5218
3,2.355e+05,2312.2,-0.5096
3,2.3556e+05,2313.2,0.54507
3,2.3562e+05,2376.7,1.5556
3,2.3568e+05,2497.6,2.4514
3,2.3574e+05,2667.8,3.1968
2,2.3766e+05,2603.1,-5.9169
2,2.3772e+05,2252.9,-5.7396
2,2.3778e+05,1916.9,-5.4334
2,2.3784e+05,1605.4,-4.8986
2,2.379e+05,1337.2,-3.9537
2,2.3796e+05,1144.2,-2.3529
2,2.3802e+05,1068.8,-0.083388
2,2.3808e+05,1134.8,2.2145
2,2.3814e+05,1321,3.8648
2,2.382e+05,1585,4.8445
2,2.3826e+05,1893.9,5.3985
2,2.3832e+05,2228.1,5.7145
2,2.3838e+05,2577,5.8969
1,2.394e+05,2433.4,-5.6594
1,2.3946e+05,2101.3,-5.3874
1,2.3952e+05,1790.5,-4.9332
1,2.3958e+05,1515.5,-4.1684
1,2.3964e+05,1300.2,-2.9084
1,2.397e+05,1178.8,-1.0476
1,2.3976e+05,1180.8,1.1131
1,2.3982e+05,1305.7,2.9546
1,2.3988e+05,1523,4.1933
1,2.3994e+05,1799,4.9428
1,2.4e+05,2110.1,5.387
1,2.4006e+05,2441.9,5.6522
3,2.418e+05,2677.1,-2.8092
3,2.4186e+05,2531.5,-2.0207
3,2.4192e+05,2437.2,-1.1041
3,2.4198e+05,2400.6,-0.1065
3,2.4204e+05,2424.6,0.90002
3,2.421e+05,2507.3,1.8404
3,2.4216e+05,2643,2.6608
2,2.4414e+05,2465.9,-5.7269
2,2.442e+05,2129.4,-5.4658
2,2.4426e+05,1813.5,-5.0278
2,2.4432e+05,1532.1,-4.2859
2,2.4438e+05,1309,-3.0514
2,2.4444e+05,1178.6,-1.1965
2,2.445e+05,1172.7,1.0036
2,2.4456e+05,1292.9,2.9068
2,2.4462e+05,1508.8,4.1916
2,2.4468e+05,1785.6,4.9658
2,2.4474e+05,2098.4,5.4218
2,2.448e+05,2432.5,5.6922
1,2.4582e+05,2631.1,-5.7394
1,2.4588e+05,2292.3,-5.5341
1,2.4594e+05,1969.6,-5.1938
1,2.46e+05,1673.6,-4.625
1,2.4606e+05,1422.2,-3.6744
1,2.4612e+05,1243.9,-2.1663
1,2.4618e+05,1173.2,-0.1325
1,2.4624e+05,1228.8,1.9396
1,2.463e+05,1395.7,3.5205
1,2.4636e+05,1639.7,4.5293
1,2.4642e+05,1931.1,5.1338
1,2.4648e+05,2250.9,5.4946
1,2.4654e+05,2587.7,5.7117
3,2.4828e+05,2680.7,-2.4849
3,2.4834e+05,2555.7,-1.661
3,2.484e+05,2483.5,-0.72989
3,2.4846e+05,2469.1,0.25417
3,2.4852e+05,2513.6,1.2203
3,2.4858e+05,2613.9,2.1035
2,2.5062e+05,2355.5,-5.4853
2,2.5068e+05,2036.3,-5.1258
2,2.5074e+05,1744.9,-4.5394
2,2.508e+05,1498.8,-3.5888
2,2.5086e+05,1324.5,-2.1298
2,2.5092e+05,1252.9,-0.20389
2,2.5098e+05,1301.2,1.7743
2,2.5104e+05,1457.2,3.337
2,2.511e+05,1690.9,4.375
2,2.5116e+05,1974.3,5.0174
2,2.5122e+05,2288.1,5.4097
2,2.5128e+05,2620.4,5.65
1,2.523e+05,2510.1,-5.6078
1,2.5236e+05,2180.9,-5.3432
1,2.5242e+05,1872.3,-4.9091
1,2.5248e+05,1597.4,-4.1934
1,2.5254e+05,1377.9,-3.0364
1,2.526e+05,1244.2,-1.3302
1,2.5266e+05,1225.4,0.71756
1,2.5272e+05,1326.3,2.5717
1,2.5278e+05,1523,3.8941
1,2.5284e+05,1783.7,4.7269
1,2.529e+05,2083.8,5.2329
1,2.5296e+05,2407.7,5.5407
1,2.5302e+05,2746.3,5.7288
3,2.5476e+05,2651.2,-2.191
3,2.5482e+05,2545.1,-1.3271
3,2.5488e+05,2493.8,-0.37425
3,2.5494e+05,2500.8,0.60599
3,2.55e+05,2565.7,1.5436
2,2.5704e+05,2586.3,-5.5239
2,2.571e+05,2262.9,-5.2355
2,2.5716e+05,1961.4,-4.7771
2,2.5722e+05,1695,-4.0489
2,2.5728e+05,1483.5,-2.9217
2,2.5734e+05,1353.9,-1.3247
2,2.574e+05,1330.6,0.56471
2,2.5746e+05,1418.9,2.3199
2,2.5752e+05,1600,3.6367
2,2.5758e+05,1846.3,4.5086
2,2.5764e+05,2134.6,5.0593
2,2.577e+05,2449.3,5.4043
1,2.5872e+05,2746.6,-5.6378
1,2.5878e+05,2414.3,-5.4242
1,2.5884e+05,2098.3,-5.081
1,2.589e+05,1808.7,-4.5288
1,2.5896e+05,1561.4,-3.6458
1,2.5902e+05,1380.5,-2.2993
1,2.5908e+05,1294.8,-0.49766
1,2.5914e+05,1323.4,1.4271
1,2.592e+05,1459.3,3.0261
