2,0,2004.1,-5.0702
2,60,1716.3,-4.4724
2,120,1474.8,-3.5032
2,180,1306.3,-2.0217
2,240,1241.6,-0.086807
2,300,1296.4,1.8704
2,360,1457.1,3.3958
2,420,1693.3,4.4018
2,480,1977.6,5.0231
2,540,2291.3,5.4028
2,600,2623,5.6359
1,1620,2507.4,-5.6722
1,1680,2174,-5.4219
1,1740,1860.1,-5.0051
1,1800,1579,-4.3062
1,1860,1352.5,-3.1526
1,1920,1212.6,-1.4117
1,1980,1191.1,0.71174
1,2040,1293.8,2.6329
1,2100,1495.3,3.983
1,2160,1761.4,4.8181
1,2220,2066.8,5.3178
1,2280,2395.6,5.6183
3,4080,2606.3,-1.9309
3,4140,2517,-1.0283
3,4200,2484.3,-0.05464
3,4260,2510.5,0.92254
3,4320,2593.7,1.8347
2,6360,2571.2,-5.4949
2,6420,2249.5,-5.2086
2,6480,1949.6,-4.7528
2,6540,1684.5,-4.0276
2,6600,1474.2,-2.9037
2,6660,1345.6,-1.3103
2,6720,1323,0.57462
2,6780,1411.7,2.324
2,6840,1592.9,3.6352
2,6900,1839,4.5029
2,6960,2126.9,5.0513
2,7020,2441.1,5.3954
1,8100,2385,-5.5168
1,8160,2063.2,-5.1829
1,8220,1767.3,-4.6343
1,8280,1514,-3.7367
1,8340,1329.1,-2.3349
1,8400,1244.2,-0.43126
1,8460,1279.8,1.5894
1,8520,1426.9,3.2236
1,8580,1655.7,4.3193
1,8640,1936.9,4.998
1,8700,2250.2,5.4121
1,8760,2583.1,5.6659
3,10560,2564.9,-1.6077
3,10620,2496,-0.67457
3,10680,2484.9,0.30598
3,10740,2532.3,1.2637
3,10800,2634.8,2.1358
2,12840,2486.3,-5.3626
2,12900,2174,-5.0197
2,12960,1887.8,-4.4792
2,13020,1642.6,-3.6346
2,13080,1460.1,-2.3722
2,13140,1366.5,-0.69142
2,13200,1380.3,1.1432
2,13260,1498.6,2.7334
2,13320,1699.4,3.885
2,13380,1956.9,4.6433
2,13440,2251.1,5.1271
2,13500,2568.6,5.4345
1,14520,2605.4,-5.5581
1,14580,2279.7,-5.2786
1,14640,1975.3,-4.8308
1,14700,1705.3,-4.1149
1,14760,1489.6,-2.9981
1,14820,1355.3,-1.4002
1,14880,1328.1,0.51099
1,14940,1414.1,2.3012
1,15000,1595.1,3.6487
1,15060,1842.8,4.5405
1,15120,2133.4,5.103
1,15180,2450.9,5.455
3,16980,2589.7,-2.1896
3,17040,2484.3,-1.3051
3,17100,2435,-0.33049
3,17160,2445.2,0.66817
3,17220,2514.1,1.6168
3,17280,2637,2.4575
2,19260,2705.4,-5.5334
2,19320,2380.3,-5.2831
2,19380,2074.3,-4.8871
2,19440,1798.4,-4.2613
2,19500,1569.9,-3.2887
2,19560,1412.8,-1.8708
2,19620,1353,-0.083356
2,19680,1403.2,1.7243
2,19740,1552.7,3.185
2,19800,1776.3,4.1977
2,19860,2049.3,4.8525
2,19920,2353.8,5.268
2,19980,2678.4,5.5315
1,21000,2500.1,-5.3395
1,21060,2190.1,-4.966
1,21120,1908.3,-4.383
1,21180,1670.4,-3.4857
1,21240,1498.4,-2.1754
1,21300,1417.2,-0.48299
1,21360,1442.6,1.3128
1,21420,1569.3,2.8461
1,21480,1775.5,3.9561
1,21540,2036.5,4.6932
1,21600,2333.4,5.168
3,23400,2603.9,-2.7616
3,23460,2462.1,-1.9387
3,23520,2373.8,-0.98625
3,23580,2345.3,0.041443
3,23640,2378.7,1.0651
3,23700,2471.5,2.0068
3,23760,2616.9,2.8154
2,25740,2566,-5.534
2,25800,2241.7,-5.2529
2,25860,1939,-4.8008
2,25920,1671,-4.0745
2,25980,1458.3,-2.9373
2,26040,1328.5,-1.311
2,26100,1307.3,0.6183
2,26160,1399.6,2.3989
2,26220,1585.7,3.7194
2,26280,1836.7,4.5842
2,26340,2129.3,5.1263
2,26400,2447.9,5.4645
1,27480,2399.8,-5.0893
1,27540,2107.7,-4.6123
1,27600,1851.2,-3.8869
1,27660,1648.2,-2.8182
1,27720,1520.9,-1.3662
1,27780,1489.3,0.33331
1,27840,1559.5,1.9678
1,27900,1718.7,3.2758
1,27960,1944.8,4.2018
1,28020,2216.8,4.82
1,28080,2519,5.2245
3,29820,2625.2,-3.2988
3,29880,2448.8,-2.5535
3,29940,2322,-1.6478
3,30000,2253.6,-0.61574
3,30060,2249.2,0.46875
3,30120,2309,1.5121
3,30180,2428.2,2.4363
3,30240,2598.2,3.202
2,32220,2394.8,-5.5637
2,32280,2069.7,-5.2479
2,32340,1769.1,-4.7252
2,32400,1509.4,-3.8604
2,32460,1316.1,-2.4864
2,32520,1222.1,-0.57643
2,32580,1250.3,1.4941
2,32640,1393.4,3.1838
2,32700,1621,4.3133
2,32760,1902.3,5.0072
2,32820,2216.4,5.4268
2,32880,2550.3,5.6822
1,33900,2595.8,-5.2266
1,33960,2293,-4.8414
1,34020,2018.8,-4.2587
1,34080,1787.6,-3.3923
1,34140,1618.9,-2.1686
1,34200,1534.1,-0.61672
1,34260,1547.2,1.0476
1,34320,1655.9,2.525
1,34380,1843,3.6495
1,34440,2086.9,4.4306
1,34500,2369.5,4.952
3,36240,2671.1,-3.7695
3,36300,2463.8,-3.1144
3,36360,2300.9,-2.2828
3,36420,2193.2,-1.2834
3,36480,2149.2,-0.17135
3,36540,2173,0.95679
3,36600,2262.3,1.9976
3,36660,2409.5,2.8817
3,36720,2604.5,3.5879
2,38640,2542,-5.8052
2,38700,2199.5,-5.5915
2,38760,1874,-5.2275
2,38820,1577.4,-4.6014
2,38880,1330.7,-3.527
2,38940,1167.2,-1.8082
2,39000,1124.6,0.42792
2,39060,1215.7,2.5279
2,39120,1414.9,3.9977
2,39180,1683.7,4.8829
2,39240,1993.4,5.3973
2,39300,2327.1,5.6987
1,40380,2460.6,-5.0806
1,40440,2168.6,-4.6221
1,40500,1910.6,-3.932
1,40560,1703.2,-2.922
1,40620,1567.4,-1.5474
1,40680,1522.8,0.087157
1,40740,1577.5,1.7045
1,40800,1721.6,3.0401
1,40860,1934.9,4.0102
1,40920,2196.6,4.6692
1,40980,2490.7,5.1054
3,42660,2753.3,-4.1471
3,42720,2520.5,-3.5849
3,42780,2326.7,-2.8467
3,42840,2182.8,-1.9188
3,42900,2099.7,-0.82812
3,42960,2085.1,0.34374
3,43020,2140.3,1.4812
3,43080,2260.1,2.4838
3,43140,2434.6,3.3018
3,43200,2652.6,3.9348
2,45120,2336.9,-5.8292
2,45180,1994,-5.5788
2,45240,1671.2,-5.1377
2,45300,1384.4,-4.3467
2,45360,1161.7,-2.9496
2,45420,1046.2,-0.78664
2,45480,1073.4,1.6623
2,45540,1234,3.5548
2,45600,1484.7,4.6972
2,45660,1787.6,5.3358
2,45720,2119.5,5.6947
2,45780,2467.9,5.8998
1,46800,2615,-5.3189
1,46860,2305.5,-4.9708
1,46920,2022.2,-4.438
1,46980,1778.4,-3.6319
1,47040,1593.7,-2.4621
1,47100,1490.5,-0.9238
1,47160,1486.4,0.78896
1,47220,1582,2.3491
1,47280,1760.9,3.5467
1,47340,2000.2,4.3751
1,47400,2280.3,4.9227
1,47460,2587.1,5.2796
3,49140,2624,-3.9434
3,49200,2405.7,-3.3025
3,49260,2231.5,-2.4713
3,49320,2113,-1.4506
3,49380,2060.2,-0.29321
3,49440,2078.4,0.89494
3,49500,2165.8,1.9942
3,49560,2314.3,2.9231
3,49620,2512.6,3.6571
2,51540,2487.1,-5.9722
2,51600,2133.5,-5.7966
2,51660,1794.2,-5.4829
2,51720,1480.6,-4.9125
2,51780,1214.3,-3.8573
2,51840,1033.8,-2.0102
2,51900,987.94,0.54151
2,51960,1094,2.8755
2,52020,1315.5,4.3677
2,52080,1604.7,5.1881
2,52140,1930.7,5.6332
2,52200,2276.8,5.8802
2,52260,2634.1,6.0184
1,53280,2440.7,-5.2824
1,53340,2134.7,-4.888
1,53400,1858.5,-4.2735
1,53460,1628.4,-3.3315
1,53520,1467.2,-1.9706
1,53580,1399.3,-0.24979
1,53640,1438.3,1.5236
1,53700,1576,2.997
1,53760,1789.3,4.0447
1,53820,2054.1,4.7342
1,53880,2352.4,5.1766
1,53940,2672.2,5.4593
3,55620,2535,-3.6389
3,55680,2337.6,-2.9102
3,55740,2189.7,-1.9896
3,55800,2102.3,-0.90086
3,55860,2083.4,0.27686
3,55920,2134.9,1.4273
3,55980,2252,2.4462
3,56040,2424.7,3.2801
3,56100,2641.8,3.9264
2,58020,2293.4,-5.9107
2,58080,1945.1,-5.678
2,58140,1615.7,-5.2576
2,58200,1321.2,-4.4783
2,58260,1091.5,-3.0411
2,58320,974.39,-0.72985
2,58380,1010.3,1.879
2,58440,1185.2,3.7969
2,58500,1449.2,4.8892
2,58560,1761.9,5.474
2,58620,2100.8,5.7926
2,58680,2454.2,5.9696
1,59700,2586.2,-5.5345
1,59760,2261.9,-5.2544
1,59820,1959,-4.8076
1,59880,1690.3,-4.0945
1,59940,1475.6,-2.9829
1,60000,1342.1,-1.3928
1,60060,1314.9,0.50802
1,60120,1400.5,2.2861
1,60180,1580.2,3.6218
1,60240,1825.9,4.504
1,60300,2114.1,5.0594
1,60360,2428.9,5.4062
1,60420,2760.3,5.623
3,62040,2705.2,-3.8724
3,62100,2491.1,-3.2381
3,62160,2320.2,-2.4256
3,62220,2203.5,-1.438
3,62280,2150.3,-0.32399
3,62340,2165.3,0.8218
3,62400,2247.3,1.8917
3,62460,2389.2,2.8086
3,62520,2580.7,3.5449
2,64440,2473.9,-5.9507
2,64500,2121.9,-5.7677
2,64560,1784.6,-5.4431
2,64620,1473.8,-4.8563
2,64680,1211.6,-3.7786
2,64740,1036.4,-1.9148
2,64800,995.9,0.61667
2,64860,1105.1,2.9035
2,64920,1327.2,4.363
2,64980,1615.6,5.1686
2,65040,1940.2,5.6076
2,65100,2284.6,5.8519
2,65160,2640.2,5.9887
1,66180,2412.7,-5.5231
1,66240,2090,-5.2083
1,66300,1791.7,-4.6937
1,66360,1533.3,-3.8521
1,66420,1339.1,-2.527
1,66480,1240.6,-0.68614
1,66540,1260.6,1.3357
1,66600,1393.9,3.0221
1,66660,1612.3,4.172
1,66720,1885.8,4.8878
1,66780,2193.3,5.3242
1,66840,2521.4,5.5913
3,68520,2676.6,-3.4845
3,68580,2488,-2.774
3,68640,2347.1,-1.8967
3,68700,2263.3,-0.87698
3,68760,2243.4,0.21865
3,68820,2289.2,1.2956
3,68880,2396.7,2.2666
3,68940,2558,3.0812
2,70860,2675.5,-5.9407
2,70920,2323.2,-5.7888
2,70980,1983,-5.5261
2,71040,1663.9,-5.068
2,71100,1381.9,-4.2552
2,71160,1165.4,-2.8401
2,71220,1056.2,-0.69114
2,71280,1087.6,1.701
2,71340,1248.7,3.5408
2,71400,1497.8,4.6573
2,71460,1797.9,5.2861
2,71520,2126.7,5.6414
2,71580,2471.8,5.8452
1,72600,2588.6,-5.7002
1,72660,2252.7,-5.4793
1,72720,1933.9,-5.1135
1,72780,1643.9,-4.503
1,72840,1401.6,-3.4894
1,72900,1236.6,-1.9106
1,72960,1182.3,0.14685
1,73020,1253.3,2.1618
1,73080,1431,3.6594
1,73140,1681.4,4.6073
1,73200,1976.4,5.1768
1,73260,2298,5.5185
1,73320,2635.8,5.725
3,75060,2511.6,-2.2977
3,75120,2400.6,-1.3809
3,75180,2348,-0.36065
3,75240,2357.9,0.68936
3,75300,2429.6,1.6847
3,75360,2557.6,2.5599
2,77340,2547.2,-5.7724
2,77400,2206.8,-5.5534
2,77460,1883.7,-5.1854
2,77520,1589.7,-4.5602
2,77580,1345.2,-3.5
2,77640,1182.2,-1.8211
2,77700,1137.1,0.3581
2,77760,1222.8,2.4238
2,77820,1415.5,3.8914
2,77880,1678.2,4.7862
2,77940,1982.5,5.31
2,78000,2311.1,5.6182
2,78060,2654.2,5.8007
1,79080,2441.5,-5.6457
1,79140,2110.1,-5.3801
1,79200,1799.4,-4.9358
1,79260,1523.8,-4.1872
1,79320,1306.7,-2.9515
1,79380,1181.9,-1.1163
1,79440,1179.5,1.0374
1,79500,1300.2,2.8947
1,79560,1514.6,4.1544
1,79620,1788.8,4.92
1,79680,2098.8,5.375
1,79740,2430.2,5.6476
3,81540,2539.3,-1.8534
3,81600,2455.7,-0.91643
3,81660,2430.7,0.087852
3,81720,2466.1,1.0855
3,81780,2559.4,2.005
2,83820,2449,-5.5644
2,83880,2123.3,-5.2666
2,83940,1820.7,-4.7795
2,84000,1556,-3.9809
2,84060,1352.5,-2.7112
2,84120,1241.5,-0.90938
2,84180,1248.3,1.1303
2,84240,1371.1,2.8772
2,84300,1582.6,4.0844
2,84360,1852.1,4.8377
2,84420,2157.2,5.2958
2,84480,2484,5.5753
1,85500,2649.1,-5.7362
1,85560,2310.5,-5.5338
1,85620,1987.7,-5.1976
1,85680,1691.2,-4.636
1,85740,1438.9,-3.6986
1,85800,1258.5,-2.2116
1,85860,1184.4,-0.19749
1,85920,1236,1.8754
1,85980,1399.6,3.4753
1,86040,1641.5,4.5051
1,86100,1932,5.1258
1,86160,2251.7,5.4978
1,86220,2588.8,5.7227
3,88020,2547.8,-1.4597
3,88080,2488.5,-0.50884
3,88140,2487.5,0.4786
3,88200,2545.1,1.4312
2,90240,2699.1,-5.5887
2,90300,2370.4,-5.3516
2,90360,2059.7,-4.9735
2,90420,1778,-4.3699
2,90480,1542.3,-3.4171
2,90540,1377.4,-1.9994
2,90600,1310.8,-0.17494
2,90660,1357.3,1.6912
2,90720,1506.2,3.1946
2,90780,1731,4.2239
2,90840,2005.6,4.8794
2,90900,2311.6,5.2897
2,90960,2637.3,5.5466
1,91980,2526.8,-5.6111
1,92040,2197.5,-5.3427
1,92100,1889,-4.9027
1,92160,1614.8,-4.1794
1,92220,1396.3,-3.0161
1,92280,1263.9,-1.3116
1,92340,1245.8,0.72523
1,92400,1346.9,2.5716
1,92460,1543.7,3.8959
1,92520,1804.7,4.7355
1,92580,2105.5,5.2485
1,92640,2430.5,5.5623
3,94440,2614.4,-2.0002
3,94500,2520.7,-1.1063
3,94560,2483.2,-0.13674
3,94620,2504.5,0.84232
3,94680,2583,1.7615
2,96720,2612.3,-5.4603
2,96780,2292.6,-5.1731
2,96840,1994.8,-4.7205
2,96900,1731.3,-4.0093
2,96960,1521.2,-2.9206
2,97020,1389.8,-1.3884
2,97080,1360.6,0.43388
2,97140,1439.9,2.1589
2,97200,1611.5,3.4855
2,97260,1849.5,4.3833
2,97320,2131.1,4.96
2,97380,2440.5,5.3263
1,98460,2419.5,-5.4181
1,98520,2104.4,-5.0582
1,98580,1816.8,-4.481
1,98640,1573.4,-3.5645
1,98700,1398.4,-2.1842
1,98760,1320.2,-0.36978
1,98820,1355.9,1.5351
1,98880,1497.4,3.1026
1,98940,1718.5,4.1876
1,99000,1992.1,4.8809
1,99060,2299,5.3148
1,99120,2626.7,5.5864
3,1.0086e+05,2656.5,-2.5392
3,1.0092e+05,2528.4,-1.7072
3,1.0098e+05,2453.8,-0.76405
3,1.0104e+05,2437.8,0.23452
3,1.011e+05,2481.6,1.2148
3,1.0116e+05,2581.9,2.1091
2,1.032e+05,2509.6,-5.3838
2,1.0326e+05,2195.7,-5.0522
2,1.0332e+05,1907.1,-4.529
2,1.0338e+05,1658.2,-3.7099
2,1.0344e+05,1470.2,-2.4786
2,1.035e+05,1369.5,-0.82013
2,1.0356e+05,1375.6,1.0197
2,1.0362e+05,1487.3,2.6392
2,1.0368e+05,1683.4,3.8231
2,1.0374e+05,1938,4.606
2,1.038e+05,2230.4,5.1057
2,1.0386e+05,2547,5.4232
1,1.0488e+05,2644.7,-5.463
1,1.0494e+05,2325.3,-5.1614
1,1.05e+05,2028.7,-4.6891
1,1.0506e+05,1767.9,-3.9538
1,1.0512e+05,1561.8,-2.8435
1,1.0518e+05,1435.3,-1.3066
1,1.0524e+05,1410.5,0.49481
1,1.053e+05,1492.5,2.191
1,1.0536e+05,1665.5,3.5018
1,1.0542e+05,1904.3,4.398
1,1.0548e+05,2187,4.9797
1,1.0554e+05,2497.7,5.3523
3,1.0728e+05,2685.2,-3.0655
3,1.0734e+05,2523.3,-2.3045
3,1.074e+05,2411.5,-1.4019
3,1.0746e+05,2357.2,-0.39738
3,1.0752e+05,2364.5,0.63813
3,1.0758e+05,2432.7,1.6226
3,1.0764e+05,2556.9,2.4917
2,1.0962e+05,2707.1,-5.5948
2,1.0968e+05,2377.9,-5.3609
2,1.0974e+05,2066.6,-4.9865
2,1.098e+05,1784,-4.3868
2,1.0986e+05,1547.2,-3.4378
2,1.0992e+05,1380.9,-2.0218
2,1.0998e+05,1313.1,-0.19309
2,1.1004e+05,1358.7,1.6836
2,1.101e+05,1507.6,3.1991
2,1.1016e+05,1732.9,4.2379
2,1.1022e+05,2008.6,4.9001
2,1.1028e+05,2316,5.3149
2,1.1034e+05,2643.3,5.575
1,1.1136e+05,2540.8,-5.2549
1,1.1142e+05,2236.3,-4.866
1,1.1148e+05,1961,-4.2702
1,1.1154e+05,1729.9,-3.3735
1,1.116e+05,1563.9,-2.0955
1,1.1166e+05,1485.4,-0.47542
1,1.1172e+05,1508.7,1.2378
1,1.1178e+05,1629.3,2.7222
1,1.1184e+05,1827.6,3.8235
1,1.119e+05,2081,4.573
1,1.1196e+05,2371.2,5.0659
3,1.137e+05,2717.8,-3.5566
3,1.1376e+05,2524,-2.8777
3,1.1382e+05,2375.8,-2.0362
3,1.1388e+05,2282.6,-1.05
3,1.1394e+05,2251.5,0.022462
3,1.14e+05,2285.2,1.0923
3,1.1406e+05,2380.8,2.0716
3,1.1412e+05,2530.8,2.904
3,1.1418e+05,2726,3.5734
2,1.161e+05,2544.7,-5.6308
2,1.1616e+05,2214,-5.3727
2,1.1622e+05,1903.3,-4.9488
2,1.1628e+05,1625.6,-4.2498
2,1.1634e+05,1402,-3.1188
2,1.164e+05,1262.5,-1.441
2,1.1646e+05,1236.6,0.60031
2,1.1652e+05,1331.2,2.4818
2,1.1658e+05,1523.7,3.8432
2,1.1664e+05,1782.3,4.7076
2,1.167e+05,2081.9,5.2349
2,1.1676e+05,2406.4,5.5566
1,1.1784e+05,2429.2,-5.0464
1,1.179e+05,2139.8,-4.5661
1,1.1796e+05,1886.1,-3.8433
1,1.1802e+05,1685.3,-2.7901
1,1.1808e+05,1558.7,-1.3724
1,1.1814e+05,1525.4,0.28242
1,1.182e+05,1591.5,1.8843
1,1.1826e+05,1745.3,3.1833
1,1.1832e+05,1966.1,4.1164
1,1.1838e+05,2233.3,4.7472
1,1.1844e+05,2531.5,5.1641
3,1.2018e+05,2549.6,-3.3952
3,1.2024e+05,2367.8,-2.6358
3,1.203e+05,2236.8,-1.7013
3,1.2036e+05,2166.4,-0.62692
3,1.2042e+05,2162.8,0.5052
3,1.2048e+05,2226.1,1.5897
3,1.2054e+05,2350.8,2.5405
3,1.206e+05,2527.4,3.3176
3,1.2066e+05,2745.5,3.9224
2,1.2252e+05,2703.2,-5.8457
2,1.2258e+05,2357.1,-5.6746
2,1.2264e+05,2024.6,-5.3845
2,1.227e+05,1715,-4.8908
2,1.2276e+05,1444.7,-4.0446
2,1.2282e+05,1240.9,-2.6405
2,1.2288e+05,1140.8,-0.61051
2,1.2294e+05,1171.7,1.6114
2,1.23e+05,1324.5,3.3735
2,1.2306e+05,1563.5,4.4993
2,1.2312e+05,1855.2,5.1635
2,1.2318e+05,2177.7,5.5528
2,1.2324e+05,2518.4,5.7837
1,1.2426e+05,2603.3,-5.2399
1,1.2432e+05,2299.5,-4.8609
1,1.2438e+05,2023.9,-4.2869
1,1.2444e+05,1790.7,-3.4321
1,1.245e+05,1619.2,-2.2202
1,1.2456e+05,1531,-0.67474
1,1.2462e+05,1540.8,0.99384
1,1.2468e+05,1646.6,2.4833
1,1.2474e+05,1831.6,3.6206
1,1.248e+05,2074.1,4.4113
1,1.2486e+05,2355.7,4.9389
1,1.2492e+05,2663.2,5.2863
3,1.266e+05,2614.2,-3.8253
3,1.2666e+05,2403.7,-3.1607
3,1.2672e+05,2238.7,-2.3092
3,1.2678e+05,2130.2,-1.2791
3,1.2684e+05,2087.6,-0.1298
3,1.269e+05,2114.9,1.0324
3,1.2696e+05,2209.5,2.0957
3,1.2702e+05,2362.9,2.9886
3,1.2708e+05,2564.3,3.6928
2,1.29e+05,2503.6,-5.8871
2,1.2906e+05,2155.7,-5.6916
2,1.2912e+05,1823.5,-5.3502
2,1.2918e+05,1518.9,-4.7451
2,1.2924e+05,1263.5,-3.666
2,1.293e+05,1093.6,-1.8646
2,1.2936e+05,1052.3,0.53414
2,1.2942e+05,1153.7,2.7416
2,1.2948e+05,1366.1,4.2122
2,1.2954e+05,1646.6,5.057
2,1.296e+05,1965.5,5.5311
2,1.2966e+05,2306.3,5.8015
1,1.3074e+05,2443.8,-5.1487
1,1.308e+05,2147.2,-4.7062
1,1.3086e+05,1883.6,-4.0319
1,1.3092e+05,1669.9,-3.03
1,1.3098e+05,1527.9,-1.6423
1,1.3104e+05,1478.8,0.03273
1,1.311e+05,1531.6,1.7001
1,1.3116e+05,1676.7,3.0709
1,1.3122e+05,1892.3,4.0555
1,1.3128e+05,2156.8,4.7159
1,1.3134e+05,2453.7,5.1482
3,1.3302e+05,2723.4,-4.1502
3,1.3308e+05,2490.7,-3.5795
3,1.3314e+05,2297.5,-2.8282
3,1.332e+05,2155.2,-1.8828
3,1.3326e+05,2074.8,-0.77304
3,1.3332e+05,2064,0.41469
3,1.3338e+05,2123.7,1.5602
3,1.3344e+05,2248.3,2.5623
3,1.335e+05,2427.4,3.3738
3,1.3356e+05,2649.4,3.9976
2,1.3542e+05,2658.4,-6.0177
2,1.3548e+05,2301,-5.8839
2,1.3554e+05,1954.5,-5.6446
2,1.356e+05,1627.4,-5.2147
2,1.3566e+05,1335.8,-4.4246
2,1.3572e+05,1109.4,-2.9865
2,1.3578e+05,994.82,-0.70753
2,1.3584e+05,1030.5,1.8519
2,1.359e+05,1203.1,3.7524
2,1.3596e+05,1464.5,4.8516
2,1.3602e+05,1775.3,5.4479
2,1.3608e+05,2113,5.776
2,1.3614e+05,2465.6,5.9602
1,1.3716e+05,2583,-5.4093
1,1.3722e+05,2267.6,-5.0818
1,1.3728e+05,1976.8,-4.5712
1,1.3734e+05,1724.6,-3.7811
1,1.374e+05,1530.9,-2.6028
1,1.3746e+05,1420.7,-1.0114
1,1.3752e+05,1413.9,0.7878
1,1.3758e+05,1511.8,2.4202
1,1.3764e+05,1696,3.6493
1,1.377e+05,1941.6,4.4792
1,1.3776e+05,2227.7,5.0156
1,1.3782e+05,2539.7,5.3587
3,1.395e+05,2626.4,-3.8846
3,1.3956e+05,2412,-3.2331
3,1.3962e+05,2242.2,-2.3933
3,1.3968e+05,2128.4,-1.3697
3,1.3974e+05,2080.4,-0.21786
3,1.398e+05,2102.8,0.95663
3,1.3986e+05,2193.3,2.0384
3,1.3992e+05,2344,2.9508
3,1.3998e+05,2543.6,3.6721
2,1.419e+05,2461.8,-5.9851
2,1.4196e+05,2107.5,-5.8094
2,1.4202e+05,1767.5,-5.4936
2,1.4208e+05,1453.4,-4.9142
2,1.4214e+05,1187.7,-3.8317
2,1.422e+05,1010.4,-1.9239
2,1.4226e+05,971.81,0.68895
2,1.4232e+05,1087,3.0177
2,1.4238e+05,1315.7,4.4679
2,1.4244e+05,1609.8,5.2528
2,1.425e+05,1938.9,5.675
2,1.4256e+05,2287.1,5.9079
2,1.4262e+05,2645.8,6.0369
1,1.4364e+05,2398.8,-5.3891
1,1.437e+05,2085.7,-5.0188
1,1.4376e+05,1800.9,-4.4279
1,1.4382e+05,1561.2,-3.4946
1,1.4388e+05,1390.9,-2.0997
1,1.4394e+05,1317.9,-0.2861
1,1.44e+05,1358,1.5949
1,1.4406e+05,1502.1,3.1289
1,1.4412e+05,1723.8,4.1863
1,1.4418e+05,1996.7,4.8611
1,1.4424e+05,2302.1,5.2833
1,1.443e+05,2627.6,5.5473
3,1.4598e+05,2572.7,-3.5297
3,1.4604e+05,2382,-2.7963
3,1.461e+05,2240.8,-1.8818
3,1.4616e+05,2159.3,-0.8135
3,1.4622e+05,2144.7,0.33156
3,1.4628e+05,2198.4,1.4456
3,1.4634e+05,2315.6,2.4339
3,1.464e+05,2487,3.2474
3,1.4646e+05,2701.7,3.883
2,1.4832e+05,2639.1,-6.0191
2,1.4838e+05,2281.7,-5.8814
2,1.4844e+05,1935.5,-5.636
2,1.485e+05,1609.2,-5.1952
2,1.4856e+05,1319.4,-4.3842
2,1.4862e+05,1096.4,-2.9093
2,1.4868e+05,987.71,-0.59274
2,1.4874e+05,1030.3,1.96
2,1.488e+05,1208.3,3.8203
2,1.4886e+05,1472.7,4.8856
2,1.4892e+05,1784.8,5.4613
2,1.4898e+05,2122.9,5.7774
2,1.4904e+05,2475.3,5.954
1,1.5006e+05,2551,-5.6142
1,1.5012e+05,2221.3,-5.3537
1,1.5018e+05,1911.8,-4.9295
1,1.5024e+05,1635.1,-4.2355
1,1.503e+05,1411.9,-3.1197
1,1.5036e+05,1271.6,-1.4712
1,1.5042e+05,1242.9,0.53786
1,1.5048e+05,1333.2,2.4036
1,1.5054e+05,1521,3.7662
1,1.506e+05,1775.2,4.6373
1,1.5066e+05,2070.7,5.1707
1,1.5072e+05,2391.6,5.4967
1,1.5078e+05,2727.8,5.6965
3,1.5246e+05,2558.7,-3.1103
3,1.5252e+05,2395.3,-2.3069
3,1.5258e+05,2285.1,-1.3446
3,1.5264e+05,2236.2,-0.27151
3,1.527e+05,2253,0.82648
3,1.5276e+05,2334,1.8538
3,1.5282e+05,2472.7,2.7412
3,1.5288e+05,2659.6,3.4622
2,1.548e+05,2477.1,-5.8904
2,1.5486e+05,2129.2,-5.6887
2,1.5492e+05,1797.5,-5.3372
2,1.5498e+05,1494.1,-4.714
2,1.5504e+05,1241.5,-3.601
2,1.551e+05,1077,-1.7499
2,1.5516e+05,1043.6,0.67633
2,1.5522e+05,1152.9,2.8553
2,1.5528e+05,1370.7,4.2786
2,1.5534e+05,1654,5.0876
2,1.554e+05,1974.1,5.539
2,1.5546e+05,2314.8,5.795
2,1.5552e+05,2667.3,5.941
1,1.5648e+05,2727.3,-5.761
1,1.5654e+05,2386.6,-5.579
1,1.566e+05,2060.1,-5.2781
1,1.5666e+05,1757.1,-4.7785
1,1.5672e+05,1493.3,-3.9455
1,1.5678e+05,1293.9,-2.603
1,1.5684e+05,1192.5,-0.69883
1,1.569e+05,1214.2,1.4032
1,1.5696e+05,1353,3.1298
1,1.5702e+05,1578,4.2785
1,1.5708e+05,1857.5,4.9775
1,1.5714e+05,2169.7,5.3962
1,1.572e+05,2501.7,5.6489
3,1.5894e+05,2571.4,-2.6696
3,1.59e+05,2436.1,-1.8157
3,1.5906e+05,2356.1,-0.83405
3,1.5912e+05,2337.4,0.2144
3,1.5918e+05,2381.4,1.2459
3,1.5924e+05,2485,2.1827
3,1.593e+05,2640.5,2.978
2,1.6128e+05,2346.6,-5.6904
2,1.6134e+05,2013.1,-5.4007
2,1.614e+05,1702.5,-4.908
2,1.6146e+05,1431.1,-4.0621
2,1.6152e+05,1226.4,-2.6528
2,1.6158e+05,1125.9,-0.60779
2,1.6164e+05,1157.5,1.6283
2,1.617e+05,1311.4,3.3897
2,1.6176e+05,1551.1,4.5054
2,1.6182e+05,1842.8,5.1582
2,1.6188e+05,2164.7,5.5382
2,1.6194e+05,2504.2,5.7616
1,1.6296e+05,2577.8,-5.7153
1,1.6302e+05,2240.8,-5.4977
1,1.6308e+05,1920.9,-5.1353
1,1.6314e+05,1629.5,-4.5267
1,1.632e+05,1385.8,-3.5088
1,1.6326e+05,1220.1,-1.9118
1,1.6332e+05,1166.7,0.17637
1,1.6338e+05,1240.2,2.2125
1,1.6344e+05,1421,3.7112
1,1.635e+05,1674.2,4.6507
1,1.6356e+05,1971.6,5.211
1,1.6362e+05,2295.1,5.5455
1,1.6368e+05,2634.3,5.7468
3,1.6542e+05,2589.6,-2.249
3,1.6548e+05,2480.7,-1.3616
3,1.6554e+05,2428.2,-0.37844
3,1.656e+05,2435.9,0.6338
3,1.6566e+05,2503.3,1.5987
3,1.6572e+05,2625.5,2.4555
2,1.677e+05,2582.9,-5.6756
2,1.6776e+05,2249,-5.435
2,1.6782e+05,1933.7,-5.0408
2,1.6788e+05,1649.2,-4.3906
2,1.6794e+05,1415.1,-3.3296
2,1.68e+05,1260.8,-1.7199
2,1.6806e+05,1217.5,0.31222
2,1.6812e+05,1296.4,2.2566
2,1.6818e+05,1477.8,3.694
2,1.6824e+05,1729.1,4.6104
2,1.683e+05,2023.9,5.1667
2,1.6836e+05,2344.8,5.5035
2,1.6842e+05,2681.6,5.7081
1,1.6944e+05,2445.4,-5.6227
1,1.695e+05,2115.6,-5.3493
1,1.6956e+05,1807.1,-4.8945
1,1.6962e+05,1534.3,-4.1334
1,1.6968e+05,1320.8,-2.8896
1,1.6974e+05,1199.5,-1.0646
1,1.698e+05,1199.3,1.0574
1,1.6986e+05,1320.2,2.8861
1,1.6992e+05,1533.7,4.1346
1,1.6998e+05,1806.7,4.8997
1,1.7004e+05,2115.5,5.3578
1,1.701e+05,2446,5.6339
3,1.719e+05,2590.6,-1.8695
3,1.7196e+05,2505.4,-0.95577
3,1.7202e+05,2477.3,0.025216
3,1.7208e+05,2508.3,1.0044
3,1.7214e+05,2596.4,1.9132
2,1.7418e+05,2494.8,-5.4771
2,1.7424e+05,2174.8,-5.1645
2,1.743e+05,1878.8,-4.6643
2,1.7436e+05,1621,-3.8657
2,1.7442e+05,1423.6,-2.6343
2,1.7448e+05,1314.6,-0.92994
2,1.7454e+05,1316.6,0.99343
2,1.746e+05,1428.9,2.6822
2,1.7466e+05,1628.7,3.8948
2,1.7472e+05,1887.7,4.6787
2,1.7478e+05,2184.3,5.1687
2,1.7484e+05,2504.3,5.4742
1,1.7586e+05,2666.1,-5.6836
1,1.7592e+05,2331,-5.4662
1,1.7598e+05,2012.9,-5.1103
1,1.7604e+05,1722.3,-4.5255
1,1.761e+05,1477.2,-3.5705
1,1.7616e+05,1304.4,-2.0965
1,1.7622e+05,1235.4,-0.14882
1,1.7628e+05,1287.4,1.8405
1,1.7634e+05,1447.3,3.3971
1,1.764e+05,1684.2,4.4226
1,1.7646e+05,1970.1,5.0543
1,1.7652e+05,2285.8,5.4397
1,1.7658e+05,2619.9,5.6761
3,1.7838e+05,2557.3,-1.526
3,1.7844e+05,2493.7,-0.58239
3,1.785e+05,2488.2,0.40277
3,1.7856e+05,2541.4,1.3585
3,1.7862e+05,2649.4,2.223
2,1.806e+05,2738.8,-5.5468
2,1.8066e+05,2412.7,-5.3061
2,1.8072e+05,2104.9,-4.9267
2,1.8078e+05,1825.8,-4.3289
2,1.8084e+05,1592,-3.3995
2,1.809e+05,1426.7,-2.0343
2,1.8096e+05,1355.8,-0.28279
2,1.8102e+05,1394.1,1.5325
2,1.8108e+05,1533.2,3.0322
2,1.8114e+05,1748.9,4.0859
2,1.812e+05,2016.1,4.7708
2,1.8126e+05,2316.4,5.206
2,1.8132e+05,2637.7,5.482
1,1.8234e+05,2558.3,-5.5246
1,1.824e+05,2234.9,-5.2334
1,1.8246e+05,1933.8,-4.7662
1,1.8252e+05,1668.5,-4.018
1,1.8258e+05,1459.9,-2.8541
1,1.8264e+05,1335.9,-1.2076
1,1.827e+05,1320.8,0.71757
1,1.8276e+05,1418.4,2.4728
1,1.8282e+05,1608.1,3.7667
1,1.8288e+05,1861.4,4.6137
1,1.8294e+05,2155.4,5.1457
1,1.83e+05,2474.9,5.4783
3,1.848e+05,2583.6,-2.0931
3,1.8486e+05,2484.4,-1.1933
3,1.8492e+05,2442,-0.21001
3,1.8498e+05,2459.5,0.7885
3,1.8504e+05,2535.5,1.7288
3,1.851e+05,2664.7,2.556
2,1.8708e+05,2637.5,-5.4697
2,1.8714e+05,2317.1,-5.1906
2,1.872e+05,2017.8,-4.7511
2,1.8726e+05,1752,-4.0608
2,1.8732e+05,1537.9,-3.0024
2,1.8738e+05,1400.6,-1.5026
2,1.8744e+05,1364,0.30507
2,1.875e+05,1435.8,2.0449
2,1.8756e+05,1601.5,3.4013
2,1.8762e+05,1835.3,4.3267
2,1.8768e+05,2114.1,4.9234
2,1.8774e+05,2421.7,5.303
2,1.878e+05,2747.7,5.5445
1,1.8882e+05,2462.1,-5.3126
1,1.8888e+05,2153.9,-4.9288
1,1.8894e+05,1874.9,-4.3281
1,1.89e+05,1641.1,-3.4024
1,1.8906e+05,1475.1,-2.055
1,1.8912e+05,1402.1,-0.33314
1,1.8918e+05,1436.7,1.462
1,1.8924e+05,1571.6,2.9667
1,1.893e+05,1783.9,4.0416
1,1.8936e+05,2049.2,4.7501
1,1.8942e+05,2348.9,5.205
3,1.9122e+05,2594.5,-2.6507
3,1.9128e+05,2460.1,-1.8058
3,1.9134e+05,2380.3,-0.83778
3,1.914e+05,2360.8,0.19452
3,1.9146e+05,2403.3,1.2105
3,1.9152e+05,2504.3,2.1354
3,1.9158e+05,2656.8,2.9231
2,1.9356e+05,2511.6,-5.448
2,1.9362e+05,2193.4,-5.135
2,1.9368e+05,1899.1,-4.6358
2,1.9374e+05,1643,-3.843
2,1.938e+05,1446.5,-2.6279
2,1.9386e+05,1337,-0.95291
2,1.9392e+05,1336.7,0.9418
2,1.9398e+05,1445.6,2.6213
2,1.9404e+05,1641.9,3.8423
2,1.941e+05,1898.1,4.6405
2,1.9416e+05,2192.8,5.144
2,1.9422e+05,2511.7,5.4606
1,1.953e+05,2369.4,-5.0668
1,1.9536e+05,2079,-4.5785
1,1.9542e+05,1825.1,-3.8344
1,1.9548e+05,1626,-2.7382
1,1.9554e+05,1504.4,-1.2561
1,1.956e+05,1480.1,0.45981
1,1.9566e+05,1557.7,2.086
1,1.9572e+05,1723.4,3.37
1,1.9578e+05,1954.4,4.271
1,1.9584e+05,2229.8,4.8695
1,1.959e+05,2534.5,5.2602
3,1.9764e+05,2607.7,-3.18
3,1.977e+05,2439.3,-2.4056
3,1.9776e+05,2322.2,-1.4751
3,1.9782e+05,2264.6,-0.42954
3,1.9788e+05,2271.4,0.6522
3,1.9794e+05,2341.7,1.6777
3,1.98e+05,2470.1,2.5753
3,1.9806e+05,2647.5,3.3126
2,1.9998e+05,2690.7,-5.6809
2,2.0004e+05,2355.7,-5.4676
2,2.001e+05,2037.2,-5.1193
2,2.0016e+05,1745.8,-4.5488
2,2.0022e+05,1498.5,-3.6198
2,2.0028e+05,1321.7,-2.1844
2,2.0034e+05,1246.3,-0.27104
2,2.004e+05,1290.7,1.716
2,2.0046e+05,1443.8,3.2982
2,2.0052e+05,1675.7,4.3533
2,2.0058e+05,1958.2,5.0076
2,2.0064e+05,2271.6,5.4081
2,2.007e+05,2604.1,5.6545
1,2.0172e+05,2569.9,-5.2106
1,2.0178e+05,2268.3,-4.8157
1,2.0184e+05,1996.1,-4.2171
1,2.019e+05,1768.1,-3.327
1,2.0196e+05,1604.1,-2.0734
1,2.0202e+05,1525.8,-0.4969
1,2.0208e+05,1546.4,1.1721
1,2.0214e+05,1662.2,2.6333
1,2.022e+05,1855.1,3.7338
1,2.0226e+05,2103.4,4.4936
1,2.0232e+05,2389.2,4.9992
3,2.0406e+05,2642.3,-3.6529
3,2.0412e+05,2442.9,-2.9641
3,2.0418e+05,2290.1,-2.099
3,2.0424e+05,2194.2,-1.0747
3,2.043e+05,2163.1,0.044996
3,2.0436e+05,2199.5,1.1598
3,2.0442e+05,2300.2,2.1715
3,2.0448e+05,2456.8,3.0204
3,2.0454e+05,2659.1,3.693
2,2.0646e+05,2511.5,-5.7333
2,2.0652e+05,2173.9,-5.499
2,2.0658e+05,1854.8,-5.1038
2,2.0664e+05,1566.9,-4.4316
2,2.067e+05,1332.2,-3.2998
2,2.0676e+05,1183.6,-1.5464
2,2.0682e+05,1155.7,0.64339
2,2.0688e+05,1256.7,2.6395
2,2.0694e+05,1460,4.0287
2,2.07e+05,1729.2,4.8739
2,2.0706e+05,2037.9,5.3721
2,2.0712e+05,2369.9,5.6678
1,2.082e+05,2437,-5.0569
1,2.0826e+05,2146.9,-4.582
1,2.0832e+05,1892,-3.8671
1,2.0838e+05,1689.4,-2.8241
1,2.0844e+05,1560.5,-1.4159
1,2.085e+05,1524.5,0.2354
1,2.0856e+05,1587.8,1.8423
1,2.0862e+05,1739.5,3.1509
1,2.0868e+05,1958.5,4.0932
1,2.0874e+05,2224.5,4.7307
1,2.088e+05,2521.9,5.1521
3,2.1048e+05,2712.8,-4.0422
3,2.1054e+05,2487.3,-3.4461
3,2.106e+05,2302.9,-2.6704
3,2.1066e+05,2170.6,-1.7081
3,2.1072e+05,2100.9,-0.59701
3,2.1078e+05,2100.2,0.57263
3,2.1084e+05,2168.5,1.6854
3,2.109e+05,2299.4,2.6502
3,2.1096e+05,2482.7,3.4286
3,2.1102e+05,2707.3,4.0268
2,2.1288e+05,2667.5,-5.9245
2,2.1294e+05,2316.2,-5.7703
2,2.13e+05,1977.3,-5.5021
2,2.1306e+05,1659.9,-5.0326
2,2.1312e+05,1380.6,-4.1995
2,2.1318e+05,1168.2,-2.7561
2,2.1324e+05,1064.8,-0.59048
2,2.133e+05,1101.8,1.7846
2,2.1336e+05,1267,3.5959
2,2.1342e+05,1518.9,4.6958
2,2.1348e+05,1821.1,5.3185
2,2.1354e+05,2151.8,5.6728
2,2.136e+05,2498.8,5.8775
1,2.1462e+05,2588,-5.2967
1,2.1468e+05,2280.4,-4.9307
1,2.1474e+05,2000.2,-4.3707
1,2.148e+05,1761.6,-3.526
1,2.1486e+05,1584.5,-2.3102
1,2.1492e+05,1491.7,-0.73629
1,2.1498e+05,1499.1,0.9781
1,2.1504e+05,1605.2,2.507
1,2.151e+05,1792.3,3.6639
1,2.1516e+05,2037.6,4.4588
1,2.1522e+05,2322,4.9832
1,2.1528e+05,2631.9,5.325
3,2.1696e+05,2580.4,-3.8258
3,2.1702e+05,2370.2,-3.1497
3,2.1708e+05,2206.3,-2.2816
3,2.1714e+05,2100.1,-1.2311
3,2.172e+05,2060.9,-0.062283
3,2.1726e+05,2092.8,1.113
3,2.1732e+05,2192.3,2.1799
3,2.1738e+05,2350.7,3.0685
3,2.1744e+05,2556.6,3.7641
2,2.1936e+05,2468.2,-5.9431
2,2.1942e+05,2116.6,-5.7589
2,2.1948e+05,1780,-5.4306
2,2.1954e+05,1470.2,-4.835
2,2.196e+05,1209.7,-3.7405
2,2.1966e+05,1037.4,-1.8548
2,2.1972e+05,1000.9,0.68348
2,2.1978e+05,1113.7,2.955
2,2.1984e+05,1338.4,4.3991
2,2.199e+05,1628.7,5.1973
2,2.1996e+05,1954.9,5.6336
2,2.2002e+05,2300.9,5.8777
1,2.211e+05,2407.2,-5.2458
1,2.2116e+05,2104.2,-4.8233
1,2.2122e+05,1833.1,-4.1664
1,2.2128e+05,1611.1,-3.1662
1,2.2134e+05,1461.7,-1.7439
1,2.214e+05,1408.6,0.0069228
1,2.2146e+05,1462.5,1.755
1,2.2152e+05,1612.4,3.171
1,2.2158e+05,1834.4,4.1646
1,2.2164e+05,2105.3,4.8158
1,2.217e+05,2407.7,5.2336
3,2.2338e+05,2720.9,-4.0989
3,2.2344e+05,2491.6,-3.5176
3,2.235e+05,2302.4,-2.7562
3,2.2356e+05,2164.7,-1.8043
3,2.2362e+05,2089.1,-0.69478
3,2.2368e+05,2082.7,0.48419
3,2.2374e+05,2146.2,1.6148
3,2.238e+05,2273.6,2.6005
3,2.2386e+05,2454.5,3.3979
3,2.2392e+05,2677.6,4.0114
2,2.2578e+05,2631.5,-6.036
2,2.2584e+05,2272.9,-5.9035
2,2.259e+05,1925.2,-5.6645
2,2.2596e+05,1597,-5.2311
2,2.2602e+05,1304.8,-4.4248
2,2.2608e+05,1079.6,-2.9387
2,2.2614e+05,970.33,-0.57774
2,2.262e+05,1015.4,2.0223
2,2.2626e+05,1197.5,3.8918
2,2.2632e+05,1465.9,4.9465
2,2.2638e+05,1781.4,5.5107
2,2.2644e+05,2122.2,5.8185
2,2.265e+05,2476.9,5.9896
1,2.2752e+05,2541,-5.5048
1,2.2758e+05,2219.2,-5.1987
1,2.2764e+05,1920.7,-4.7109
1,2.277e+05,1659.6,-3.9354
1,2.2776e+05,1456.9,-2.741
1,2.2782e+05,1340.3,-1.0776
1,2.2788e+05,1332.7,0.83143
1,2.2794e+05,1436,2.5451
1,2.28e+05,1628.7,3.7986
1,2.2806e+05,1883.1,4.6181
1,2.2812e+05,2176.8,5.1333
1,2.2818e+05,2495.2,5.4555
3,2.2986e+05,2658.5,-3.7825
3,2.2992e+05,2450.4,-3.1234
3,2.2998e+05,2287.3,-2.2842
3,2.3004e+05,2179.8,-1.2737
3,2.301e+05,2136.8,-0.1487
3,2.3016e+05,2162.3,0.99134
3,2.3022e+05,2253.9,2.0405
3,2.3028e+05,2403.9,2.9288
3,2.3034e+05,2601.7,3.6359
2,2.3226e+05,2445.9,-5.9657
2,2.3232e+05,2092.9,-5.7804
2,2.3238e+05,1755.1,-5.4489
2,2.3244e+05,1444.5,-4.8432
2,2.325e+05,1184.2,-3.7197
2,2.3256e+05,1014.8,-1.7729
2,2.3262e+05,985.22,0.82388
2,2.3268e+05,1106.6,3.0895
2,2.3274e+05,1338.2,4.4936
2,2.328e+05,1633.1,5.2574
2,2.3286e+05,1962.1,5.6709
2,2.3292e+05,2309.9,5.9001
1,2.3394e+05,2692.8,-5.694
1,2.34e+05,2357,-5.4789
1,2.3406e+05,2037.9,-5.1293
1,2.3412e+05,1745.9,-4.5586
1,2.3418e+05,1498,-3.631
1,2.3424e+05,1320.4,-2.1986
1,2.343e+05,1244.1,-0.2882
1,2.3436e+05,1287.4,1.6977
1,2.3442e+05,1439.4,3.2797
1,2.3448e+05,1670.2,4.3339
1,2.3454e+05,1951.4,4.9864
1,2.346e+05,2263.5,5.3847
1,2.3466e+05,2594.5,5.6288
3,2.3634e+05,2635.3,-3.4037
3,2.364e+05,2452.1,-2.6734
3,2.3646e+05,2317.8,-1.7764
3,2.3652e+05,2241.7,-0.74208
3,2.3658e+05,2230.1,0.35765
3,2.3664e+05,2284,1.4263
3,2.367e+05,2398.9,2.3796
3,2.3676e+05,2566.3,3.1724
2,2.3868e+05,2636.3,-5.9696
2,2.3874e+05,2282.3,-5.8162
2,2.388e+05,1940.6,-5.5477
2,2.3886e+05,1620.6,-5.0734
2,2.3892e+05,1339.3,-4.2193
2,2.3898e+05,1127.3,-2.7164
2,2.3904e+05,1029.2,-0.45125
2,2.391e+05,1076.8,1.9812
2,2.3916e+05,1253.3,3.7674
2,2.3922e+05,1513.9,4.8168
2,2.3928e+05,1822,5.3982
2,2.3934e+05,2156.6,5.7236
2,2.394e+05,2506.1,5.9084
1,2.4042e+05,2522.6,-5.6654
1,2.4048e+05,2189.5,-5.4176
1,2.4054e+05,1875.7,-5.0079
1,2.406e+05,1594,-4.3254
1,2.4066e+05,1365.5,-3.2029
1,2.4072e+05,1221.3,-1.5054
1,2.4078e+05,1193.1,0.58792
1,2.4084e+05,1288.3,2.5134
1,2.409e+05,1483.3,3.8855
1,2.4096e+05,1744.2,4.7405
1,2.4102e+05,2045.3,5.2535
1,2.4108e+05,2370.6,5.562
1,2.4114e+05,2710.3,5.7485
3,2.4282e+05,2639,-2.9993
3,2.4288e+05,2481.8,-2.2123
3,2.4294e+05,2376.3,-1.2816
3,2.43e+05,2330,-0.25267
3,2.4306e+05,2346.5,0.79773
3,2.4312e+05,2424.5,1.785
3,2.4318e+05,2558.1,2.6465
2,2.4516e+05,2492.9,-5.8033
2,2.4522e+05,2150.9,-5.5769
2,2.4528e+05,1826.9,-5.1918
2,2.4534e+05,1533.4,-4.5279
2,2.454e+05,1293,-3.3875
2,2.4546e+05,1140.5,-1.5817
2,2.4552e+05,1113.1,0.69734
2,2.4558e+05,1219.3,2.7486
2,2.4564e+05,1429.3,4.1371
2,2.457e+05,1704.4,4.9591
2,2.4576e+05,2017.5,5.4328
2,2.4582e+05,2352.4,5.7086
2,2.4588e+05,2700.2,5.8699
1,2.4684e+05,2713.9,-5.7754
1,2.469e+05,2372.2,-5.5967
1,2.4696e+05,2044.6,-5.2996
1,2.4702e+05,1740.2,-4.803
1,2.4708e+05,1475,-3.9687
1,2.4714e+05,1274.5,-2.6122
1,2.472e+05,1173.4,-0.67656
1,2.4726e+05,1197.5,1.4565
1,2.4732e+05,1339.9,3.1916
1,2.4738e+05,1568.3,4.3321
1,2.4744e+05,1850.7,5.0196
1,2.475e+05,2165.1,5.4288
1,2.4756e+05,2498.8,5.6744
3,2.493e+05,2649.4,-2.6074
3,2.4936e+05,2517.2,-1.7779
3,2.4942e+05,2438.4,-0.83082
3,2.4948e+05,2418.7,0.1785
3,2.4954e+05,2459.6,1.1746
3,2.496e+05,2558,2.0866
2,2.5164e+05,2381.3,-5.5789
2,2.517e+05,2055.3,-5.2621
2,2.5176e+05,1753.9,-4.7382
2,2.5182e+05,1493.6,-3.8699
2,2.5188e+05,1299.9,-2.486
2,2.5194e+05,1206.4,-0.55922
2,2.52e+05,1236.1,1.5229
2,2.5206e+05,1380.9,3.2088
2,2.5212e+05,1609.6,4.3256
2,2.5218e+05,1891.2,5.0063
2,2.5224e+05,2204.9,5.4151
2,2.523e+05,2537.8,5.662
1,2.5332e+05,2579.1,-5.6958
1,2.5338e+05,2243.5,-5.4722
1,2.5344e+05,1925.4,-5.1012
1,2.535e+05,1636.3,-4.4816
1,2.5356e+05,1395.7,-3.4529
1,2.5362e+05,1233.5,-1.8554
1,2.5368e+05,1182.8,0.21188
1,2.5374e+05,1257.6,2.2184
1,2.538e+05,1438.2,3.6996
1,2.5386e+05,1690.5,4.6344
1,2.5392e+05,1986.9,5.1958
1,2.5398e+05,2309.6,5.5328
1,2.5404e+05,2648.2,5.7366
3,2.5578e+05,2644.1,-2.2498
3,2.5584e+05,2534.5,-1.3845
3,2.559e+05,2479.8,-0.42595
3,2.5596e+05,2484,0.56383
3,2.5602e+05,2546.7,1.513
2,2.5806e+05,2623.5,-5.5879
2,2.5812e+05,2295.3,-5.3308
2,2.5818e+05,1986.9,-4.9185
2,2.5824e+05,1710.1,-4.2558
2,2.583e+05,1483.9,-3.2081
2,2.5836e+05,1335.1,-1.6694
2,2.5842e+05,1291.2,0.23904
2,2.5848e+05,1362.5,2.0868
2,2.5854e+05,1532.7,3.5015
2,2.586e+05,1773,4.439
2,2.5866e+05,2058.4,5.0265
2,2.5872e+05,2371.7,5.391
2,2.5878e+05,2702.5,5.6175
