1,1620.0,2507.44784161037,-5.67223665431477
1,1680.0,2173.989948518428,-5.421930413252922
1,1740.0,1860.1112945147488,-5.005053949082177
1,1800.0,1578.974232384809,-4.306186202120584
1,1860.0,1352.4650800168047,-3.1526423134209627
1,1920.0,1212.639078089617,-1.4117443503490847
1,1980.0,1191.0566588710105,0.7117442328519211
1,2040.0,1293.8004273710408,2.632930944704289
1,2100.0,1495.2541583321358,3.983039382463754
1,2160.0,1761.4008580001612,4.818069309969696
1,2220.0,2066.748901974846,5.317778089186497
1,2280.0,2395.576042185314,5.618252732458237
1,8100.0,2385.0249265514394,-5.516840574767717
1,8160.0,2063.234047814334,-5.182850826361054
1,8220.0,1767.333709785899,-4.634329848125037
1,8280.0,1514.0324389377301,-3.736716075122333
1,8340.0,1329.0822350700632,-2.3349415109133504
1,8400.0,1244.177975230751,-0.4312572172185399
1,8460.0,1279.7792397072749,1.5893512091172866
1,8520.0,1426.863934877383,3.223562177912432
1,8580.0,1655.6473283476637,4.319342599511802
1,8640.0,1936.8344061170646,4.998043676397758
1,8700.0,2250.148515211554,5.412104097732878
1,8760.0,2583.0990618468113,5.665906421097744
1,14520.0,2605.460031965591,-5.558097797494765
1,14580.0,2279.745105487458,-5.27856649146981
1,14640.0,1975.3822995568873,-4.830838545474155
1,14700.0,1705.3253412141664,-4.114898394745975
1,14760.0,1489.5896859027619,-2.9981237916963366
1,14820.0,1355.326574687331,-1.4002046437223878
1,14880.0,1328.0527895448167,0.5109894780291826
1,14940.0,1414.1252335474603,2.3011983279159405
1,15000.0,1595.101876689231,3.6486788689168663
1,15060.0,1842.7695648309937,4.540532682175271
1,15120.0,2133.3862083647437,5.1030289713731705
1,15180.0,2450.9420045670663,5.4550129838521135
1,21000.0,2500.12197334036,-5.339464785563461
1,21060.0,2190.168913992145,-4.966036041194308
1,21120.0,1908.3645299750597,-4.383044331717736
1,21180.0,1670.3973444596033,-3.4856972132684114
1,21240.0,1498.3606317122053,-2.1754165403408563
1,21300.0,1417.1635449724401,-0.48298846077012825
1,21360.0,1442.5448025849976,1.3128253804191041
1,21420.0,1569.2867623833527,2.846071743325473
1,21480.0,1775.4633637762633,3.9561412470395187
1,21540.0,2036.5279716713324,4.693222015302175
1,21600.0,2333.412572031299,5.168018002051126
1,27480.0,2399.7801170241637,-5.089268880982043
1,27540.0,2107.769546945832,-4.612273613401437
1,27600.0,1851.2726480104004,-3.886911432078741
1,27660.0,1648.1660412224435,-2.8181526877999556
1,27720.0,1520.8376241864657,-1.3661974766732046
1,27780.0,1489.307650683257,0.3333135058744984
1,27840.0,1559.4975506617302,1.967784628589386
1,27900.0,1718.7598496875848,3.2757728459462765
1,27960.0,1944.8641484239968,4.201807514212268
1,28020.0,2216.804403409464,4.819962556409196
1,28080.0,2518.9944240173563,5.224459917212623
1,33900.0,2595.811972660971,-5.226605621880336
1,33960.0,2293.0173201997954,-4.841425228176028
1,34020.0,2018.795251165577,-4.25865524151863
1,34080.0,1787.5883231089608,-3.3923437442949798
1,34140.0,1618.882593231588,-2.1686133887568397
1,34200.0,1534.0468570229223,-0.6167237260681967
1,34260.0,1547.1942376405652,1.047632524823305
1,34320.0,1655.9165949063138,2.525032138089025
1,34380.0,1843.013703018885,3.6494806794305634
1,34440.0,2086.9425784878704,4.430612073313343
1,34500.0,2369.4911328114763,4.951971152558059
1,40380.0,2460.640658861743,-5.080585105997395
1,40440.0,2168.6508645293784,-4.622131279996158
1,40500.0,1910.6178803456473,-3.9319615828711045
1,40560.0,1703.1742039678911,-2.922012840893707
1,40620.0,1567.3370070223455,-1.5474436827220037
1,40680.0,1522.8130189608864,0.08715667048216344
1,40740.0,1577.442813108595,1.7044806436988311
1,40800.0,1721.58347951205,3.040109342798031
1,40860.0,1934.8553109827362,4.010201489730466
1,40920.0,2196.563879538876,4.669160133584734
1,40980.0,2490.705450594955,5.105417766685944
1,46800.0,2614.9869418551266,-5.318913295754821
1,46860.0,2305.5819916551136,-4.970773629633552
1,46920.0,2022.1715454138755,-4.437952281966201
1,46980.0,1778.433252565301,-3.631914873703805
1,47040.0,1593.632442265193,-2.462147898180737
1,47100.0,1490.4875345482199,-0.9238006233356028
1,47160.0,1486.3784064885454,0.788959824678112
1,47220.0,1582.0194245704158,2.3491141279826073
1,47280.0,1760.8773513378521,3.5467279836030166
1,47340.0,2000.1861110857496,4.375137831875379
1,47400.0,2280.275400823484,4.922676299217185
1,47460.0,2587.1047239067525,5.2796065293209296
1,53280.0,2440.669150691829,-5.282447084039288
1,53340.0,2134.702392337025,-4.8879989211748684
1,53400.0,1858.4836588153669,-4.27350078956544
1,53460.0,1628.3932473410575,-3.331476450452418
1,53520.0,1467.1637723681579,-1.9706053078625125
1,53580.0,1399.3170941022975,-0.24978708727434878
1,53640.0,1438.2841653867672,1.5236482977967194
1,53700.0,1575.9766823328007,2.9969732441264454
1,53760.0,1789.285764749787,4.044668659010842
1,53820.0,2054.153515351871,4.734169392213427
1,53880.0,2352.4586231763956,5.176606371666556
1,53940.0,2672.161625697883,5.459251603562307
1,59700.0,2586.1829188688876,-5.534451972707395
1,59760.0,2261.8721818879108,-5.254432163428631
1,59820.0,1958.9651008263902,-4.8075963135317545
1,59880.0,1690.2538745173908,-4.09446907234857
1,59940.0,1475.6142204556045,-2.9829156842393822
1,60000.0,1342.0528344039396,-1.3928202811855106
1,60060.0,1314.9258522693317,0.5080190440504062
1,60120.0,1400.4645140812665,2.286105438478387
1,60180.0,1580.1769705907427,3.6218137954949565
1,60240.0,1825.9353504303172,4.504037737164473
1,60300.0,2114.1358898845797,5.059366680456072
1,60360.0,2428.9097083038796,5.406221087326949
1,60420.0,2760.290473192646,5.622998403864728
1,66180.0,2412.62966508901,-5.523054421670862
1,66240.0,2089.9353910400514,-5.208308686842734
1,66300.0,1791.6150965391446,-4.693684593783058
1,66360.0,1533.2208263946256,-3.852126179143986
1,66420.0,1339.1155540575505,-2.5270412805686258
1,66480.0,1240.589387563093,-0.6861406657256043
1,66540.0,1260.5689151506494,1.3356879577556997
1,66600.0,1393.8896628651908,3.0220723337766398
1,66660.0,1612.284031522043,4.172028774402971
1,66720.0,1885.8327438054414,4.887784924895467
1,66780.0,2193.26078418539,5.32418410833725
1,66840.0,2521.368730936618,5.591277573483598
1,72600.0,2588.5130076564274,-5.700213161553646
1,72660.0,2252.586621071937,-5.479333280584067
1,72720.0,1933.884206199084,-5.113535873455451
1,72780.0,1643.8362501491895,-4.503032117886185
1,72840.0,1401.587525907926,-3.48936762478989
1,72900.0,1236.591936872539,-1.9105500440825045
1,72960.0,1182.2838278465952,0.14685303350809947
1,73020.0,1253.3272213498901,2.1618278093809318
1,73080.0,1430.989824708799,3.6594164488820073
1,73140.0,1681.3472869680004,4.607339131413052
1,73200.0,1976.3250545730377,5.17676722302894
1,73260.0,2298.0369118752023,5.518463739319839
1,73320.0,2635.8531915010085,5.725029733875884
1,79080.0,2441.4289761417494,-5.645706327035721
1,79140.0,2110.016253554135,-5.380079770109497
1,79200.0,1799.398130313935,-4.935825853851594
1,79260.0,1523.7761558249995,-4.1871978433953325
1,79320.0,1306.7164836365068,-2.9515492594545583
1,79380.0,1181.8881414795865,-1.1163183044679574
1,79440.0,1179.451035792062,1.0374489019695705
1,79500.0,1300.161687061288,2.8947361667286917
1,79560.0,1514.573845729661,4.154423727960283
1,79620.0,1788.7833061484191,4.919992061727399
1,79680.0,2098.800612450983,5.375007001756826
1,79740.0,2430.162250472235,5.647626560820625
1,85500.0,2649.046442147872,-5.736165631129726
1,85560.0,2310.4642733341343,-5.5337729454689395
1,85620.0,1987.6668840973375,-5.1976201922440515
1,85680.0,1691.201255045294,-4.63595515074318
1,85740.0,1438.8235012217847,-3.698579116157976
1,85800.0,1258.4821769520308,-2.211625288044459
1,85860.0,1184.3521929271624,-0.19748696573678157
1,85920.0,1236.0239074431747,1.8753856603871593
1,85980.0,1399.5654959041735,3.47527670221612
1,86040.0,1641.4966514920802,4.505076449805407
1,86100.0,1932.0088804370102,5.125755226267452
1,86160.0,2251.6501650404043,5.497822056663249
1,86220.0,2588.8223714905516,5.722727414954002
1,91980.0,2526.752333287973,-5.611086448767007
1,92040.0,2197.524565053493,-5.342659278256845
1,92100.0,1889.0485148237358,-4.902657148410873
1,92160.0,1614.7726330087366,-4.179371005477513
1,92220.0,1396.2955425956698,-3.016088292842427
1,92280.0,1263.8725851340075,-1.3116242979691575
1,92340.0,1245.8296025848074,0.7252349053637738
1,92400.0,1346.9223942902893,2.571570710382222
1,92460.0,1543.7071739297032,3.8958905161075967
1,92520.0,1804.6767674660314,4.73545078437811
1,92580.0,2105.4562494156885,5.248530802390718
1,92640.0,2430.5376180597873,5.562256815511515
1,98460.0,2419.5243550589294,-5.418057076428655
1,98520.0,2104.4196651979887,-5.058177841079055
1,98580.0,1816.8430142449492,-4.481000601428936
1,98640.0,1573.3906244982722,-3.5644842511932637
1,98700.0,1398.4196306044525,-2.184177641006351
1,98760.0,1320.2038179743581,-0.36978182701795764
1,98820.0,1355.9324393859383,1.5351315795134197
1,98880.0,1497.4447903738212,3.1025999494807683
1,98940.0,1718.44844376595,4.187616303557332
1,99000.0,1992.1112236281529,4.880942558028778
1,99060.0,2298.9942111417004,5.314808172319013
1,99120.0,2626.6576750746085,5.586381954861202
1,104880.0,2644.740037398667,-5.4629928093727305
1,104940.0,2325.375148713574,-5.161445300331357
1,105000.0,2028.7671644070576,-4.689122018444766
1,105060.0,1767.8450710456611,-3.9538116733632678
1,105120.0,1561.7836437805595,-2.843470684859551
1,105180.0,1435.2893517275852,-1.30662664809323
1,105240.0,1410.4518193201252,0.4948128615412044
1,105300.0,1492.4933391543107,2.1910271581033065
1,105360.0,1665.4853278442813,3.501806407177698
1,105420.0,1904.3429201613212,4.397983802812853
1,105480.0,2186.954474076012,4.979705194240617
1,105540.0,2497.740503079143,5.352342058743376
1,111360.0,2540.8016820795597,-5.254945955469294
1,111420.0,2236.3860231073922,-4.866023980757854
1,111480.0,1961.000228915569,-4.270221070450496
1,111540.0,1729.8942430276927,-3.373505177831776
1,111600.0,1563.826665584141,-2.0954713832397656
1,111660.0,1485.4205945417164,-0.47542307712803633
1,111720.0,1508.7017274411478,1.2378152274558047
1,111780.0,1629.2584747913534,2.7222045821572984
1,111840.0,1827.586279057842,3.823523196143874
1,111900.0,2081.0095840778145,4.5729986937973415
1,111960.0,2371.218031597079,5.06585008650487
1,117840.0,2429.1970571586266,-5.046404880499321
1,117900.0,2139.870951021193,-4.566128862845086
1,117960.0,1886.1019810526313,-3.843317601382575
1,118020.0,1685.2349425472894,-2.790101726215257
1,118080.0,1558.6574546431011,-1.3724078217739506
1,118140.0,1525.4140570275913,0.28241516323054827
1,118200.0,1591.4616713503744,1.8843037693234255
1,118260.0,1745.3400993544192,3.183281965622125
1,118320.0,1966.062193211788,4.11643340678981
1,118380.0,2233.2499610059263,4.7472034861462875
1,118440.0,2531.4559899591736,5.164129382378319
1,124260.0,2603.3011472463754,-5.2398886677009715
1,124320.0,2299.5232746494853,-4.860887716894781
1,124380.0,2023.8808987782563,-4.286928461090453
1,124440.0,1790.6480201899046,-3.4321026828636314
1,124500.0,1619.1948802610502,-2.2202462941711154
1,124560.0,1531.0246181853563,-0.6747447814595307
1,124620.0,1540.7654639026357,0.9938409779624039
1,124680.0,1646.6061203526958,2.4833286982005034
1,124740.0,1831.6014161408639,3.620565956463096
1,124800.0,2074.104465212644,4.4113193430526465
1,124860.0,2355.6987625052957,4.938941524565086
1,124920.0,2663.1790819577336,5.286252878742796
1,130740.0,2443.7633179459867,-5.148657098362668
1,130800.0,2147.200820572067,-4.706202883425148
1,130860.0,1883.6346158433305,-4.031935012048609
1,130920.0,1669.8858421123862,-3.029973657652737
1,130980.0,1527.8265352253743,-1.6422590547765419
1,131040.0,1478.7126328427364,0.032729798234244004
1,131100.0,1531.6034709477944,1.700140678592546
1,131160.0,1676.6509384593087,3.0708683984852745
1,131220.0,1892.2972895823555,4.055458154265928
1,131280.0,2156.809707419287,4.715914136016702
1,131340.0,2453.6516321912145,5.148189485492784
1,137160.0,2583.0001132791117,-5.409309621797343
1,137220.0,2267.563751337698,-5.081797073532347
1,137280.0,1976.8281153435112,-4.571217478269438
1,137340.0,1724.562815364737,-3.7810837256369227
1,137400.0,1530.8919168692264,-2.6028037912605737
1,137460.0,1420.6597257708863,-1.0114067637692845
1,137520.0,1413.8282574012478,0.7878024910256337
1,137580.0,1511.7530866953412,2.4202137849169607
1,137640.0,1696.022045434634,3.6493191676344807
1,137700.0,1941.6327124838613,4.479167104202639
1,137760.0,2227.660922297077,5.01557659670907
1,137820.0,2539.651457305556,5.358735294448907
1,143640.0,2398.7699120803086,-5.389055777204613
1,143700.0,2085.6809924088607,-5.018780814709394
1,143760.0,1800.901821780444,-4.427912681092902
1,143820.0,1561.1642948073845,-3.494599871903962
1,143880.0,1390.8839428983215,-2.0996625046222714
1,143940.0,1317.8346878924071,-0.28609521031379836
1,144000.0,1357.966517101418,1.5949290609380393
1,144060.0,1502.0619487759052,3.1288776528318687
1,144120.0,1723.7675528487175,4.186257306181507
1,144180.0,1996.7534418748096,4.861149103680869
1,144240.0,2302.0718053417495,5.28333162375711
1,144300.0,2627.6039603197887,5.547348643525661
1,150060.0,2550.881930610842,-5.6141809640278035
1,150120.0,2221.236495018537,-5.353720139253446
1,150180.0,1911.710619817125,-4.9295179086867655
1,150240.0,1635.0691366120784,-4.235481387868828
1,150300.0,1411.912654086271,-3.1197301036627705
1,150360.0,1271.5745064861126,-1.4711631408223158
1,150420.0,1242.8876255397493,0.5378580936250231
1,150480.0,1333.1263211586306,2.403594561911159
1,150540.0,1520.9767623797284,3.766190612249076
1,150600.0,1775.170148447758,4.637307874297137
1,150660.0,2070.7220862652775,5.170734471730322
1,150720.0,2391.5339020814627,5.496685607672526
1,150780.0,2727.813050976167,5.696503443820174
1,156480.0,2727.154800427698,-5.761032689173156
1,156540.0,2386.517880382771,-5.578955439120385
1,156600.0,2060.0575818993507,-5.278104360828789
1,156660.0,1757.0903098583926,-4.778501007708592
1,156720.0,1493.2788607822324,-3.9455094270803235
1,156780.0,1293.9036967021154,-2.6029701249730763
1,156840.0,1192.5029259495257,-0.6988247646542851
1,156900.0,1214.2101722632244,1.403160888987328
1,156960.0,1353.0459521420373,3.1298466042006687
1,157020.0,1578.0070800402966,4.27851735330296
1,157080.0,1857.467798126083,4.977460281272583
1,157140.0,2169.7354302937997,5.396223896311744
1,157200.0,2501.715801841306,5.648946559332302
1,162960.0,2577.691268876205,-5.715331285723015
1,163020.0,2240.764648038677,-5.497676456005592
1,163080.0,1920.850452467268,-5.135265721272253
1,163140.0,1629.40892588764,-4.526689205687098
1,163200.0,1385.8099152938291,-3.5088072647180133
1,163260.0,1220.1060163650084,-1.9117636606252943
1,163320.0,1166.6293873424186,0.17636875595424736
1,163380.0,1240.1828160872958,2.212537793615579
1,163440.0,1421.0078496401975,3.7111919040017916
1,163500.0,1674.2372562157614,4.650665848934542
1,163560.0,1971.5346147638297,5.210984809998881
1,163620.0,2295.072718557649,5.545482438489887
1,163680.0,2634.344120710728,5.746802522165798
1,169440.0,2445.383888479093,-5.622690718993584
1,169500.0,2115.56537239016,-5.349304000557999
1,169560.0,1807.0848996479833,-4.894474929563241
1,169620.0,1534.2991524837842,-4.133367437589732
1,169680.0,1320.757321005831,-2.889588245385111
1,169740.0,1199.4613755606495,-1.06462906472264
1,169800.0,1199.2345400856707,1.0574274027159403
1,169860.0,1320.2157862390536,2.886144131039089
1,169920.0,1533.6989326614323,4.134565038046197
1,169980.0,1806.6710819145214,4.899670112018091
1,170040.0,2115.554755438814,5.3577609269662405
1,170100.0,2445.9885238619527,5.633887846294183
1,175860.0,2666.0331504486976,-5.683597063305365
1,175920.0,2331.0324738663594,-5.466202727390269
1,175980.0,2012.8481375974545,-5.110319463652175
1,176040.0,1722.2951096007469,-4.525482905568697
1,176100.0,1477.1347823945255,-3.5705355358706847
1,176160.0,1304.3232812225388,-2.096521893650812
1,176220.0,1235.3534221743055,-0.148817853674494
1,176280.0,1287.3432927636784,1.8404883100051181
1,176340.0,1447.2501997564939,3.3970708140641417
1,176400.0,1684.230614047651,4.42260087637681
1,176460.0,1970.0942858586677,5.0543395177790815
1,176520.0,2285.8539576287944,5.4397103481176785
1,176580.0,2619.896163666741,5.6760903400114096
1,182340.0,2558.3040411214206,-5.524580042807478
1,182400.0,2234.928155035525,-5.233397796913763
1,182460.0,1933.7977005604546,-4.766179107634111
1,182520.0,1668.4953726711346,-4.018051614417046
1,182580.0,1459.9166393997434,-2.854065175366443
1,182640.0,1335.8275569232794,-1.2076432192111186
1,182700.0,1320.7867196056077,0.717564715649496
1,182760.0,1418.4083436705039,2.47281346628949
1,182820.0,1608.0852793512147,3.766694620018495
1,182880.0,1861.4177208765257,4.613701156091644
1,182940.0,2155.44461773908,5.1457271374366345
1,183000.0,2474.935522408464,5.478288507039986
1,188820.0,2462.0781197413758,-5.312582006387237
1,188880.0,2154.011957866977,-4.9288226962598936
1,188940.0,1874.9290907377908,-4.328124412264265
1,189000.0,1641.05104928801,-3.40241082084729
1,189060.0,1475.1073088736644,-2.055005859159299
1,189120.0,1402.1224788854956,-0.333140995201144
1,189180.0,1436.6539790697718,1.4620234928821794
1,189240.0,1571.5874270671575,2.9666751911035054
1,189300.0,1783.9357778328385,4.041549768766092
1,189360.0,2049.225584637801,4.750068036626307
1,189420.0,2348.885508972679,5.204972981708463
1,195300.0,2369.4465696725665,-5.066784024127006
1,195360.0,2079.085614529643,-4.578516555173629
1,195420.0,1825.1320908589391,-3.8344057140490797
1,195480.0,1625.963258918369,-2.7381615321335233
1,195540.0,1504.3629252855267,-1.2560743668414842
1,195600.0,1480.0459511714907,0.45981366574768917
1,195660.0,1557.6984193299256,2.085994799818436
1,195720.0,1723.3795932066444,3.3700423166700184
1,195780.0,1954.3711679342323,4.270977477772398
1,195840.0,2229.8402752799234,4.869456814195904
1,195900.0,2534.5594887680113,5.260152418975476
1,201720.0,2569.8942197897177,-5.2106101668088
1,201780.0,2268.3104854048547,-4.815714840415993
1,201840.0,1996.071109051825,-4.217124613767616
1,201900.0,1768.0308864536503,-3.3269816429041166
1,201960.0,1604.129859068812,-2.073446094172502
1,202020.0,1525.8096521067453,-0.4969000370511936
1,202080.0,1546.4094759530078,1.1720931439055287
1,202140.0,1662.1984220189227,2.6333186139828757
1,202200.0,1855.081736718233,3.7337981005267924
1,202260.0,2103.4041483905544,4.4935763518184935
1,202320.0,2389.231106752354,4.999171104007088
1,208200.0,2437.006964086553,-5.056880816376003
1,208260.0,2146.8975658433083,-4.581998308138689
1,208320.0,1891.9740094099184,-3.8670991211253583
1,208380.0,1689.3880797186052,-2.824066937019406
1,208440.0,1560.468520261968,-1.415942336258538
1,208500.0,1524.4673037176244,0.23539906557337104
1,208560.0,1587.8087776984246,1.842343513380125
1,208620.0,1739.4509723669476,3.150889546245287
1,208680.0,1958.5139046987463,4.093149970109993
1,208740.0,2224.520635953742,4.730669036926072
1,208800.0,2521.8803482540466,5.152130420651886
1,214620.0,2587.9673356757307,-5.296684777419738
1,214680.0,2280.4034648054535,-4.930680948958641
1,214740.0,2000.162483815123,-4.370721907174636
1,214800.0,1761.56431462368,-3.5260414515154266
1,214860.0,1584.4969367601032,-2.310166586206697
1,214920.0,1491.657606991673,-0.736292451699558
1,214980.0,1499.048348257981,0.9781020813300741
1,215040.0,1605.2155550075759,2.506972078583408
1,215100.0,1792.31894778396,3.663894984655924
1,215160.0,2037.6021855066522,4.458826816119998
1,215220.0,2321.972074230494,4.983223273048288
1,215280.0,2631.9475872115972,5.32499404050321
1,221100.0,2407.169390173632,-5.245771654927882
1,221160.0,2104.195139493054,-4.823252039192162
1,221220.0,1833.0648290712604,-4.166382638647414
1,221280.0,1611.0844219354158,-3.166170561793079
1,221340.0,1461.6680071682897,-1.7439267943777064
1,221400.0,1408.5783901901696,0.006922553374539993
1,221460.0,1462.450140054537,1.755019728131189
1,221520.0,1612.3666287004837,3.1710332182998533
1,221580.0,1834.427949422997,4.164622815351888
1,221640.0,2105.2645600486203,4.815795219839409
1,221700.0,2407.672127760013,5.233614886939502
1,227520.0,2540.929831808338,-5.504758498001103
1,227580.0,2219.135715371857,-5.1986604702701085
1,227640.0,1920.707171772073,-4.710870758665957
1,227700.0,1659.5498706339642,-3.935363288933141
1,227760.0,1456.879853230862,-2.741040712640746
1,227820.0,1340.221136513634,-1.0775504161189764
1,227880.0,1332.6821782722513,0.8314295952593036
1,227940.0,1435.9411867015742,2.545054988913941
1,228000.0,1628.6882433064752,3.7986383920529403
1,228060.0,1883.0484172993858,4.618133687961242
1,228120.0,2176.794282172357,5.133344807504899
1,228180.0,2495.207635679833,5.4555355681690445
1,233940.0,2692.6779543497305,-5.6939557065520985
1,234000.0,2356.981721896458,-5.478855082501802
1,234060.0,2037.8925058562043,-5.129322599051795
1,234120.0,1745.853503054027,-4.558637163803743
1,234180.0,1497.9778627864246,-3.631024257592875
1,234240.0,1320.3455534209202,-2.198633309780317
1,234300.0,1244.028352815092,-0.28819491874281306
1,234360.0,1287.3525188801798,1.6977021681037712
1,234420.0,1439.38051341042,3.2797012559908287
1,234480.0,1670.2105783413451,4.3339207221362415
1,234540.0,1951.4204518689978,4.9864061923113985
1,234600.0,2263.5257198427453,5.384739192482158
1,234660.0,2594.5217924909607,5.628842117808377
1,240420.0,2522.5287763350575,-5.665364943692005
1,240480.0,2189.4358388551027,-5.4176016073707345
1,240540.0,1875.6402587851337,-5.0079418267948554
1,240600.0,1593.9103663013286,-4.325350115905421
1,240660.0,1365.4149825331585,-3.2028592511300324
1,240720.0,1221.3043903168787,-1.5053849260144476
1,240780.0,1193.0451247682613,0.5879230815424474
1,240840.0,1288.3386410953267,2.513432315547064
1,240900.0,1483.2682282367261,3.8855171305433522
1,240960.0,1744.1968608250409,4.740471891324188
1,241020.0,2045.318997584729,5.2534520320839135
1,241080.0,2370.551260090352,5.5620238120857
1,241140.0,2710.332111610492,5.748543881101028
1,246840.0,2713.7811663209086,-5.7753835098986155
1,246900.0,2372.185387676542,-5.5966625933715415
1,246960.0,2044.5484425944285,-5.299588441236855
1,247020.0,1740.1863256042932,-4.803041878727311
1,247080.0,1474.8987535221763,-3.9686556714684005
1,247140.0,1274.4629467568584,-2.6121968024780053
1,247200.0,1173.386071882513,-0.6765592795363272
1,247260.0,1197.440950717358,1.4564913258263708
1,247320.0,1339.8492930207167,3.191556688439515
1,247380.0,1568.3145073321214,4.332137778358834
1,247440.0,1850.6455378473404,5.019609545221266
1,247500.0,2165.1395576301657,5.428750512198644
1,247560.0,2498.847478843136,5.674381687639784
1,253320.0,2579.0572478044955,-5.695842858279226
1,253380.0,2243.4903479247605,-5.472152810755237
1,253440.0,1925.3356503312664,-5.10124529457186
1,253500.0,1636.2463208662944,-4.481599042818845
1,253560.0,1395.6909098631968,-3.4529149496244385
1,253620.0,1233.44355338268,-1.855410790816611
1,253680.0,1182.8241309803793,0.21187839323815627
1,253740.0,1257.5958984745175,2.2183695107257253
1,253800.0,1438.1697523909022,3.6995903925352174
1,253860.0,1690.5183949933942,4.634420011609403
1,253920.0,1986.8568685488044,5.195754581346157
1,253980.0,2309.554999551872,5.532774872912389
1,254040.0,2648.1414438576935,5.736627560701719
1,259800.0,2463.0948844277527,-5.563913435310077
1,259860.0,2137.2837399575656,-5.273801076390709
1,259920.0,1833.9256425556882,-4.798053074358906
1,259980.0,1567.550654577836,-4.016438011580052
1,260040.0,1361.2663840516375,-2.7695814509300734
1,260100.0,1246.1669492534309,-0.9871451044132213
1,260160.0,1248.2155610201646,1.05392254144111
1,260220.0,1366.9632001830353,2.8225984672033264
1,260280.0,1575.9638416484256,4.054582380031254
1,260340.0,1844.2816160159884,4.826485589046054
1,260400.0,2149.147866602083,5.297202504006969
1,260460.0,2476.3135448784533,5.585183087518591
1,266220.0,2694.9735998265437,-5.606829161429427
1,266280.0,2365.1570263714048,-5.369651421290022
1,266340.0,2053.468222633047,-4.989019365145159
1,266400.0,1770.9874366698327,-4.377792542315669
1,266460.0,1535.2230345196215,-3.4087629170817295
1,266520.0,1371.5423617836782,-1.96412238261711
1,266580.0,1307.9834121509227,-0.10970824408914856
1,266640.0,1358.968115051734,1.772887225218615
1,266700.0,1512.896617276574,3.2757660922661205
1,266760.0,1742.3152714332648,4.2974709932619914
1,266820.0,2021.1178909992134,4.945576576124578
1,266880.0,2330.940664644124,5.3503876977260285
1,266940.0,2660.1474548115,5.603655548355577
1,272700.0,2598.3681062857313,-5.429282845850583
1,272760.0,2281.356674395435,-5.11592564035146
1,272820.0,1988.0044567201091,-4.624250763527085
1,272880.0,1731.8191827998342,-3.8580884631974253
1,272940.0,1532.7437645349985,-2.704572361279228
1,273000.0,1415.9267939511328,-1.1252798621164906
1,273060.0,1402.5647710013566,0.6888276677006699
1,273120.0,1495.5622637356314,2.356417956518786
1,273180.0,1677.0970423792905,3.6205481434605513
1,273240.0,1921.7830570804858,4.475420197853563
1,273300.0,2208.1008651644606,5.027741557785601
1,273360.0,2521.145361223476,5.380983718126801
1,279180.0,2504.612502671086,-5.224013127658956
1,279240.0,2202.36514027605,-4.82327524115067
1,279300.0,1930.0697570863636,-4.208428215919732
1,279360.0,1703.4733593265437,-3.283299074840783
1,279420.0,1543.8442813186325,-1.9709126361198142
1,279480.0,1473.7604052625763,-0.32610725176845445
1,279540.0,1506.0706174426105,1.3841992619593197
1,279600.0,1634.6667657811806,2.8411126823748662
1,279660.0,1839.1141465243395,3.9090253621069295
1,279720.0,2096.8048606462216,4.63106437118012
1,279780.0,2389.8804821400217,5.104582149302824
1,285660.0,2401.4806932293577,-5.01518730452254
1,285720.0,2114.4108246884207,-4.520804038411935
1,285780.0,1863.9711666597352,-3.7765503444658437
1,285840.0,1667.9394397224637,-2.694760312662126
1,285900.0,1547.957563872525,-1.2491907792854207
1,285960.0,1522.5658081853414,0.41690631499397846
1,286020.0,1596.3994918361807,2.0056132050824607
1,286080.0,1756.7805851564317,3.277767284736936
1,286140.0,1982.3577105960696,4.184634042174846
1,286200.0,2253.005665205017,4.795480391225696
1,286260.0,2553.671444936289,5.198767884378429
1,292080.0,2579.1905088198814,-5.214907593316034
1,292140.0,2277.2617948622237,-4.822849723105823
1,292200.0,2004.4567860619532,-4.2290504910768245
1,292260.0,1775.491991457385,-3.346398123433055
1,292320.0,1610.1411802826567,-2.1026085829406367
1,292380.0,1529.7981061191033,-0.5345941025633707
1,292440.0,1548.0297658604973,1.132127777783382
1,292500.0,1661.5361169757791,2.5980221763736484
1,292560.0,1852.5266259170007,3.7060717572033686
1,292620.0,2099.402934995297,4.472844847594957
1,292680.0,2384.1536523451255,4.983741399976171
1,298560.0,2420.192800234554,-5.115439688693148
1,298620.0,2126.2069409762453,-4.652396129168595
1,298680.0,1866.7263233900953,-3.9479163074985144
1,298740.0,1659.1712012283056,-2.90667414509323
1,298800.0,1525.7034879475264,-1.4812106598372101
1,298860.0,1486.857494544483,0.20833457290838872
1,298920.0,1549.859141019276,1.8565212418168038
1,298980.0,1703.2117796310868,3.190404943670969
1,299040.0,1924.9562599827489,4.1406657682498755
1,299100.0,2193.7924856719355,4.776442347435227
1,299160.0,2493.7474517181267,5.192598181902446
1,304980.0,2552.7712767521684,-5.3824909125642835
1,305040.0,2239.5281675680303,-5.033926420793142
1,305100.0,1952.5689535303654,-4.491115351438777
1,305160.0,1706.4334826127226,-3.654395782945928
1,305220.0,1522.0479468761757,-2.4196530050275955
1,305280.0,1424.2485820309535,-0.7853735849781561
1,305340.0,1431.179293792882,1.0116882248013617
1,305400.0,1541.352438397293,2.600159167870128
1,305460.0,1734.8147362117033,3.7768557593961956
1,305520.0,1986.7893816131716,4.566301255400675
1,305580.0,2277.190722047564,5.07622175993534
1,305640.0,2592.2816106982596,5.402725343491532
1,311460.0,2359.0405592272073,-5.350834839260439
1,311520.0,2049.1166158997003,-4.949370755503607
1,311580.0,1769.857095070427,-4.309830288763405
1,311640.0,1539.201122134649,-3.3065715905282587
1,311700.0,1382.580847954867,-1.8340447392528165
1,311760.0,1326.9727444121775,0.018667367952393887
1,311820.0,1384.707920506109,1.865530004052062
1,311880.0,1542.8736464565638,3.3255662966309427
1,311940.0,1774.2923741125264,4.316753328489826
1,312000.0,2053.6653775741843,4.946955006225093
1,312060.0,2363.234403449116,5.341451597657659
1,312120.0,2691.6993141347525,5.5882992588503795
1,317880.0,2497.494632397321,-5.58657775735592
1,317940.0,2170.2429598784556,-5.299091138760419
1,318000.0,1865.20642337122,-4.831033457421469
1,318060.0,1596.4253559929189,-4.0670018459497035
1,318120.0,1386.2287376173842,-2.852544151766568
1,318180.0,1264.9378589442917,-1.1102109817644383
1,318240.0,1258.8622338630094,0.9123205218958075
1,318300.0,1369.4895900263098,2.6985205471579765
1,318360.0,1571.9912530206122,3.9621246880048657
1,318420.0,1835.601546393812,4.760510695804086
1,318480.0,2137.0776858141203,5.248813665833874
1,318540.0,2461.690312469242,5.547537021811412
1,324300.0,2661.4528442868104,-5.741122489412452
1,324360.0,2322.592134489061,-5.537415253668085
1,324420.0,1999.5922962054476,-5.201385698946766
1,324480.0,1702.846531539654,-4.643153318127113
1,324540.0,1449.7852671594333,-3.7159361682722594
1,324600.0,1267.8618520947484,-2.2489411109163155
1,324660.0,1190.7750472209952,-0.25795576954252464
1,324720.0,1238.451687162645,1.8060278045617397
1,324780.0,1398.0070316241033,3.413229155636918
1,324840.0,1636.5557147753361,4.454148770471598
1,324900.0,1924.282097800616,5.0832048522298265
1,324960.0,2241.5374205285975,5.46036525018956
1,325020.0,2576.554883695788,5.688054340659594
1,330780.0,2504.987929225583,-5.682064253808668
1,330840.0,2170.7918639935874,-5.438064937809996
1,330900.0,1855.665975831938,-5.031861574565924
1,330960.0,1572.4664210139802,-4.349507577901284
1,331020.0,1342.754190634876,-3.2167321656360413
1,331080.0,1198.6038202641062,-1.4894795350993482
1,331140.0,1172.5077983981696,0.6431232709925934
1,331200.0,1271.8208189149022,2.587119625151748
1,331260.0,1471.0680114557674,3.9530234908840614
1,331320.0,1735.6235646192283,4.79370043850756
1,331380.0,2039.5353248820882,5.2937244324040815
1,331440.0,2366.8770482071045,5.592593347045749
1,331500.0,2708.2728261963907,5.77220030261934
1,337200.0,2712.0136874232385,-5.758180239754085
1,337260.0,2371.5793433940134,-5.574624033209334
1,337320.0,2045.4605030464463,-5.270577161646998
1,337380.0,1743.1096314950732,-4.764286589583783
1,337440.0,1480.4955955745377,-3.9181036467137895
1,337500.0,1283.377870929489,-2.553614402461682
1,337560.0,1185.6713925830122,-0.6262678471598216
1,337620.0,1212.0132544901824,1.4809621180486994
1,337680.0,1355.1379243651315,3.1928980690449125
1,337740.0,1583.3126389114927,4.322990626462539
1,337800.0,1864.996609273773,5.00806034255459
1,337860.0,2178.8116478431466,5.417921801515828
1,337920.0,2511.9151751793725,5.665106481718112
1,343680.0,2593.6227069800884,-5.643522926020292
1,343740.0,2261.5898054771487,-5.4055554174273
1,343800.0,1947.9623701141225,-5.016059593072276
1,343860.0,1664.595843538769,-4.375426947724039
1,343920.0,1430.8775368254765,-3.333793715857329
1,343980.0,1275.4036716067133,-1.7564683637783287
1,344040.0,1228.8652428257108,0.24285976651627472
1,344100.0,1303.1913025450392,2.1771551404114375
1,344160.0,1480.1287451829066,3.626576467702969
1,344220.0,1727.9898961075228,4.561090417610069
1,344280.0,2020.226941580326,5.1330776303205825
1,344340.0,2339.5219295496336,5.481818131200977
1,344400.0,2675.359732259139,5.69559960502693
1,350160.0,2494.0024107263234,-5.477381086730203
1,350220.0,2174.0256314161106,-5.1651261565023985
1,350280.0,1877.9391353172146,-4.663569400831482
1,350340.0,1620.3144501896184,-3.8607200161332575
1,350400.0,1423.3796886710065,-2.621006274487213
1,350460.0,1315.5106630921844,-0.9057976882128006
1,350520.0,1319.1878825701456,1.0258155108054403
1,350580.0,1433.6273306688042,2.7170901649478236
1,350640.0,1635.465765513103,3.9291333204068835
1,350700.0,1896.5065290418345,4.712142354018431
1,350760.0,2195.0775000130443,5.201965858512068
1,350820.0,2517.0826532600786,5.507896890174242
1,356640.0,2408.650992351881,-5.262485344143661
1,356700.0,2104.1575309210293,-4.858069447064616
1,356760.0,1830.2338609344679,-4.224515783664702
1,356820.0,1603.9540040341467,-3.250353505788273
1,356880.0,1448.8466984283323,-1.84661156411743
1,356940.0,1389.592809533011,-0.09101154924593138
1,357000.0,1438.3726487204187,1.685870129963024
1,357060.0,1585.1705884635799,3.135325055601559
1,357120.0,1805.8714306087752,4.153169980812166
1,357180.0,2076.494600413093,4.818897752244662
1,357240.0,2379.366601965482,5.245250489861624
1,363060.0,2639.5616267030523,-5.346426555140655
1,363120.0,2328.006114864287,-5.01620068098446
1,363180.0,2041.1584950954227,-4.507772174751216
1,363240.0,1792.3046255321656,-3.7332346649397214
1,363300.0,1600.392613471098,-2.5971597171096725
1,363360.0,1488.4197004972027,-1.0788741166660263
1,363420.0,1475.1768567357965,0.6454408301934123
1,363480.0,1563.2916480417678,2.244373036967049
1,363540.0,1737.1981779558587,3.485360317000949
1,363600.0,1973.899734205803,4.347598584691248
1,363660.0,2253.0726545209573,4.918047999721357
1,363720.0,2560.107278664978,5.2900288872213075
1,369540.0,2536.9113066149016,-5.172540054168287
1,369600.0,2238.0054007966623,-4.763798088329121
1,369660.0,1969.4520896075571,-4.14426034910228
1,369720.0,1746.6106320800607,-3.225064681829887
1,369780.0,1589.8029056916116,-1.9394067254319562
1,369840.0,1520.2288483470968,-0.3431700161477164
1,369900.0,1549.9682787847264,1.3180467938115576
1,369960.0,1673.6824375926474,2.7494463145961325
1,370020.0,1872.5013324969093,3.816105489236503
1,370080.0,2124.9079735728506,4.548860250873845
1,370140.0,2413.4540423235153,5.035777816808992
1,376020.0,2412.3633374846754,-5.01613369736215
1,376080.0,2125.1740192380607,-4.524081735672463
1,376140.0,1874.4222110123656,-3.784552837463077
1,376200.0,1677.686191575262,-2.710887712197299
1,376260.0,1556.4256792378244,-1.2759719193187375
1,376320.0,1529.1456896884026,0.3815693846604064
1,376380.0,1600.7683999629905,1.9686226116092218
1,376440.0,1759.043768577021,3.2452712069756493
1,376500.0,1982.871829259387,4.158760215161821
1,376560.0,2252.1550369865727,4.775660455298296
1,376620.0,2551.780028743209,5.183649549993111
1,382440.0,2564.6904969493426,-5.264665442793608
1,382500.0,2259.485110648869,-4.882371715103772
1,382560.0,1982.8283890125756,-4.298248623986718
1,382620.0,1749.5275741039309,-3.4205304654126887
1,382680.0,1579.8933509933008,-2.168194083065939
1,382740.0,1496.3781261910622,-0.5715336993971621
1,382800.0,1513.5767042045431,1.1347766368656647
1,382860.0,1628.2389689060667,2.631028182215659
1,382920.0,1821.6802729090457,3.751970435810241
1,382980.0,2071.3714034565724,4.519450102741846
1,383040.0,2358.7962063847485,5.025813651122629
1,388920.0,2381.36606685112,-5.207235262066178
1,388980.0,2081.379138003283,-4.7601568612525496
1,389040.0,1815.0477131947023,-4.06682577763289
1,389100.0,1600.4411778762008,-3.018457303375059
1,389160.0,1461.3578603167614,-1.5497481947569673
1,389220.0,1420.6141260746595,0.21680244796116468
1,389280.0,1486.4115491282955,1.9364639275154816
1,389340.0,1645.7753867244842,3.3039400945305806
1,389400.0,1874.4797677787708,4.255334040348323
1,389460.0,2149.834164249996,4.877859538590858
1,389520.0,2455.386722996459,5.277800774179386
1,395340.0,2504.7612873278,-5.477857989010827
1,395400.0,2185.226792309271,-5.148250769144413
1,395460.0,1890.8548785571516,-4.6234027687448895
1,395520.0,1636.517604341185,-3.7920848271299765
1,395580.0,1444.5476512361574,-2.5266482618858874
1,395640.0,1342.6429555355296,-0.8067143975421429
1,395700.0,1351.6145992890213,1.0990646800730597
1,395760.0,1469.3475914122905,2.75445463068926
1,395820.0,1672.614350252884,3.9418970483859335
1,395880.0,1934.0129498310043,4.712903213612468
1,395940.0,2232.453597055359,5.197549812730852
1,396000.0,2554.113049244162,5.501022272446977
1,401760.0,2642.911129553378,-5.678470808853798
1,401820.0,2308.7175196532316,-5.442747834179876
1,401880.0,1992.7140278285233,-5.059748804262902
1,401940.0,1706.3595099132579,-4.434553515021202
1,402000.0,1468.271114419187,-3.4239963085245306
1,402060.0,1306.043334370428,-1.893213023516063
1,402120.0,1250.082169820885,0.0708607094550176
1,402180.0,1314.130323244469,2.014631463336094
1,402240.0,1482.46542036176,3.50460338425016
1,402300.0,1724.2692706969729,4.479456411067031
1,402360.0,2012.5311836299877,5.0801439306196805
1,402420.0,2329.239386743501,5.447066263097237
1,402480.0,2663.3515738721476,5.671892011021415
1,408240.0,2460.014986307894,-5.640761261100081
1,408300.0,2129.148395340287,-5.365508674389402
1,408360.0,1819.7432227923834,-4.909817047717445
1,408420.0,1546.0191626016135,-4.150506955247913
1,408480.0,1331.2787697384044,-2.91372276937208
1,408540.0,1208.1919509122322,-1.1006814151337405
1,408600.0,1205.5210230695086,1.0137196469184726
1,408660.0,1323.9400374567954,2.8461491579662725
1,408720.0,1535.2856420796572,4.1033680276429125
1,408780.0,1806.6200305510251,4.8757718289199135
1,408840.0,2114.215531610101,5.338266599757634
1,408900.0,2443.55325819708,5.616545595783492
1,414660.0,2640.0717334779124,-5.75692251745323
1,414720.0,2300.173488221157,-5.556742479097661
1,414780.0,1975.912356480387,-5.224142495663169
1,414840.0,1677.742894434937,-4.666952679510484
1,414900.0,1423.4132592367257,-3.7321345420178336
1,414960.0,1241.2036319744645,-2.2382736283708375
1,415020.0,1166.0765036747123,-0.20216842045948952
1,415080.0,1218.201986435368,1.893235494701397
1,415140.0,1383.0869068364716,3.49917664756879
1,415200.0,1626.3061679055886,4.522985556975744
1,415260.0,1917.6230451677766,5.134615175612549
1,415320.0,2237.5402353068785,5.49840258069061
1,415380.0,2574.5375479333306,5.716573129361981
1,421140.0,2500.445943530904,-5.662459480084201
1,421200.0,2167.586068210077,-5.412566671477532
1,421260.0,1854.2168053780101,-4.997704094530833
1,421320.0,1573.395835775607,-4.303364266333136
1,421380.0,1346.846498305248,-3.1575839355888893
1,421440.0,1206.4433208605137,-1.4263342341336875
1,421500.0,1183.744105205339,0.6898984178967933
1,421560.0,1285.0716203235468,2.6077608655472857
1,421620.0,1484.9649686206524,3.95586295839658
1,421680.0,1749.4210572254765,4.788833855176212
1,421740.0,2052.953802390763,5.286517024897179
1,421800.0,2379.851995340771,5.585205222649114
1,421860.0,2720.8192068729168,5.765370420581871
1,427560.0,2722.8886178966313,-5.710621059793558
1,427620.0,2385.6764001252777,-5.514721927512299
1,427680.0,2063.606935595399,-5.194161209459787
1,427740.0,1766.4281071406526,-4.6675150447917675
1,427800.0,1510.2085982187382,-3.8027770619521193
1,427860.0,1320.12011234326,-2.4402984153804224
1,427920.0,1228.0277187452334,-0.5607730106947342
1,427980.0,1256.0156190929754,1.4706242258250874
1,428040.0,1396.8458572593495,3.1337984389606723
1,428100.0,1621.0014112429742,4.2528129466614395
1,428160.0,1898.6312935481515,4.944538493499114
1,428220.0,2208.9531080801144,5.365088331474112
1,428280.0,2539.1911607061365,5.622140246644952
1,434040.0,2621.0914116362937,-5.564711630777407
1,434100.0,2294.3767440840616,-5.3069874613428745
1,434160.0,1987.361898952326,-4.893150063232119
1,434220.0,1712.1192080019416,-4.227993481320968
1,434280.0,1487.6428722916073,-3.1780372956194256
1,434340.0,1340.6319281271285,-1.6407378554273402
1,434400.0,1298.2704525481013,0.25977338870374905
1,434460.0,1370.4982458998952,2.097345607489062
1,434520.0,1541.1393321149642,3.5061052915615263
1,434580.0,1781.70307668133,4.442728790319343
1,434640.0,2067.326962092516,5.031921672387407
1,434700.0,2381.116377013846,5.399154237243392
1,434760.0,2712.481546754078,5.6285974615576295
1,440520.0,2534.7504071105277,-5.3786546894558915
1,440580.0,2221.36773992981,-5.043987329113753
1,440640.0,1933.2652692570011,-4.5185297360637575
1,440700.0,1684.879766504881,-3.700709517702578
1,440760.0,1497.2366939103224,-2.47941163353511
1,440820.0,1395.8415609427298,-0.8417652824830808
1,440880.0,1399.9832477503867,0.9772548017313729
1,440940.0,1508.8647645235765,2.59037582352602
1,441000.0,1702.240536740671,3.7818094790774945
1,441060.0,1954.7150288995056,4.576909755703764
1,441120.0,2245.803245791387,5.088144004141535
1,441180.0,2561.6121502194464,5.4146799125866325
1,447000.0,2453.8716073937853,-5.168257095201428
1,447060.0,2155.563871780531,-4.746169799982008
1,447120.0,1888.8120964202847,-4.0988687876602645
1,447180.0,1670.0885313620886,-3.128578735275326
1,447240.0,1521.248654017803,-1.7672228404824835
1,447300.0,1464.370168532831,-0.09606539318812375
1,447360.0,1510.1499768140802,1.5955153308474535
1,447420.0,1649.992461093664,3.002041071021881
1,447480.0,1862.4724450153246,4.017317419860705
1,447540.0,2125.378600118448,4.698995384034264
1,447600.0,2421.650682021202,5.145117416955403
1,453420.0,2672.366269244895,-5.295584672751525
1,453480.0,2364.134780842855,-4.956440850559652
1,453540.0,2081.117164826291,-4.440533472151845
1,453600.0,1836.3723528628166,-3.6656002024219143
1,453660.0,1648.1232194746626,-2.5463925047485314
1,453720.0,1538.0579099036784,-1.0702190620816558
1,453780.0,1523.6654780103167,0.5985403821760495
1,453840.0,1607.6305691443129,2.1575272772284957
1,453900.0,1775.848969967246,3.3869234210635435
1,453960.0,2006.8020357535047,4.256306054776838
1,454020.0,2280.894628836642,4.840372601118097
1,454080.0,2583.687084909713,5.226020409777351
1,459900.0,2549.9391984751323,-5.169020960225915
1,459960.0,2251.231870224983,-4.760844956384024
1,460020.0,1982.804243717362,-4.143729766705242
1,460080.0,1759.8400679010185,-3.2304462179075557
1,460140.0,1602.4162026657639,-1.9553412133457972
1,460200.0,1531.4990420652982,-0.3719218889177898
1,460260.0,1559.2199023147639,1.2807967831336284
1,460320.0,1680.652130707433,2.7118771025565644
1,460380.0,1877.3587332366787,3.7837544696743675
1,460440.0,2128.022563438898,4.523132345290302
1,460500.0,2415.205958166706,5.015920196830891
1,466380.0,2397.6883834492655,-5.067002809759981
1,466440.0,2107.1798805322073,-4.583537063448204
1,466500.0,1852.6459210911694,-3.850376898799963
1,466560.0,1651.9670539736019,-2.7744951532488513
1,466620.0,1527.3587328492083,-1.3207703991287758
1,466680.0,1498.3727136981508,0.3710388717977988
1,466740.0,1570.4177111330032,1.9914318163045563
1,466800.0,1730.7007205865414,3.2865326471555285
1,466860.0,1957.1890076321572,4.2044084838799
1,466920.0,2229.1460882263505,4.818401084571873
1,466980.0,2531.180476706588,5.2210916266327105
1,472800.0,2528.1063075201782,-5.347222743887704
1,472860.0,2217.508420926283,-4.979397059839458
1,472920.0,1934.6260232390891,-4.407728143473687
1,472980.0,1694.6373559579931,-3.530957875981558
1,473040.0,1519.0153956619592,-2.251466864655056
1,473100.0,1432.2828834539177,-0.5900931840569084
1,473160.0,1450.7449753686096,1.1937371770835874
1,473220.0,1570.6224988358163,2.739046766381512
1,473280.0,1771.0418759489398,3.871405569423982
1,473340.0,2027.665455806634,4.629023214860006
1,473400.0,2321.1832503308797,5.119068370686799
1,473460.0,2638.4560177683943,5.433607448664379
1,479280.0,2327.932784054116,-5.311816565947864
1,479340.0,2021.1355855695133,-4.882237388276893
1,479400.0,1747.1132813252175,-4.19937068383793
1,479460.0,1524.818607971751,-3.1360525224171316
1,479520.0,1380.3431617016615,-1.6025001027648724
1,479580.0,1339.574438685618,0.2717710456787534
1,479640.0,1411.6081209451152,2.0808349988577968
1,479700.0,1580.8273984399207,3.478514019374157
1,479760.0,1819.7825402325145,4.418094392878395
1,479820.0,2104.146780315792,5.014709651632149
1,479880.0,2417.11877740969,5.38883704865716
1,485700.0,2452.933178182741,-5.563060362597333
1,485760.0,2127.782556172804,-5.250379868095992
1,485820.0,1826.79833057091,-4.740997466668067
1,485880.0,1565.2503551837076,-3.9112890147929793
1,485940.0,1367.0080745436153,-2.6073962689713595
1,486000.0,1262.9496031738588,-0.7887858942915936
1,486060.0,1276.5991837688339,1.2324923891734496
1,486120.0,1404.4248785673992,2.9447530328664397
1,486180.0,1619.1623514304426,4.126746653089552
1,486240.0,1890.7869472773439,4.867414609766469
1,486300.0,2197.5220521898577,5.320200157297791
1,486360.0,2525.719961276813,5.597410581753455
1,492120.0,2602.0386937691105,-5.729507901199543
1,492180.0,2264.456948948457,-5.5047771475110885
1,492240.0,1944.3841016472245,-5.133583905503622
1,492300.0,1653.342513963125,-4.5156455067502534
1,492360.0,1410.6187562484631,-3.492594127627877
1,492420.0,1245.7147385630935,-1.904695859900806
1,492480.0,1191.9255062529687,0.15723106129819817
1,492540.0,1263.6048521343077,2.1722920473454983
1,492600.0,1441.8923101777066,3.669640226076505
1,492660.0,1692.8765456505776,4.6179855976171496
1,492720.0,1988.505091603167,5.187710206989975
1,492780.0,2310.8696668881844,5.529166786660946
1,492840.0,2649.307147700761,5.734947085098772
1,498600.0,2433.2943823044684,-5.659427998819258
1,498660.0,2101.2254523457455,-5.387431294530631
1,498720.0,1790.4457395227123,-4.93321703767267
1,498780.0,1515.42901495562,-4.16840374817187
1,498840.0,1300.1938932622484,-2.9084015671294705
1,498900.0,1178.7601119995727,-1.0476102362329867
1,498960.0,1180.7886715858597,1.1130842005010606
1,499020.0,1305.6440065313745,2.9545487029564654
1,499080.0,1523.0035000043852,4.1932944815625754
1,499140.0,1799.0340739765795,4.942822008293334
1,499200.0,2110.0754533832733,5.386996707241719
1,499260.0,2441.9202491847554,5.652173766087493
1,505020.0,2630.973831186467,-5.73936577516401
1,505080.0,2292.280349433929,-5.534103720143561
1,505140.0,1969.5763572568544,-5.193779160045504
1,505200.0,1673.5414898484437,-4.624951555352106
1,505260.0,1422.1836755823274,-3.674359058037213
1,505320.0,1243.9068361040847,-2.1662519629139756
1,505380.0,1173.1503818140375,-0.1324968355389354
1,505440.0,1228.8237883543318,1.9396100399859104
1,505500.0,1395.7028639312246,3.5205262882681447
1,505560.0,1639.6992979358818,4.529255391361037
1,505620.0,1931.1505154099275,5.133791586059491
1,505680.0,2250.915314531029,5.494600856243262
1,505740.0,2587.645643114867,5.711660433228131
1,511500.0,2510.0499572629733,-5.607803567362878
1,511560.0,2180.905180451681,-5.34318541782776
1,511620.0,1872.2441398040648,-4.909102145992353
1,511680.0,1597.3722935422675,-4.1934438853739575
1,511740.0,1377.8519426860103,-3.036402477788728
1,511800.0,1244.213032132831,-1.3301616442974145
1,511860.0,1225.361464988039,0.7175576529313292
1,511920.0,1326.276497404347,2.571649246476302
1,511980.0,1523.0516133260219,3.8941210487845974
1,512040.0,1783.7240797689067,4.726929848556852
1,512100.0,2083.7751073490244,5.232894260065337
1,512160.0,2407.734432676708,5.540740432970978
1,512220.0,2746.2781106464995,5.7287672387942346
1,517920.0,2746.614287869053,-5.637783184489399
1,517980.0,2414.2919023480417,-5.4241960768882365
1,518040.0,2098.295882638133,-5.081039757983481
1,518100.0,1808.6568971498252,-4.528816836914916
1,518160.0,1561.382130363827,-3.6458266971673794
1,518220.0,1380.489537266184,-2.2993320747553008
1,518280.0,1294.8240659061796,-0.4976641290859211
1,518340.0,1323.3413701418099,1.4270776145373971
